Unidas,VOLKSWAGEN,GOL,2015,65295,20990
Unidas,VOLKSWAGEN,GOL,2015,104758,20990
Unidas,VOLKSWAGEN,GOL,2015,72008,20990
Unidas,VOLKSWAGEN,GOL,2015,113730,20990
Unidas,VOLKSWAGEN,GOL,2015,120999,20990
Unidas,VOLKSWAGEN,GOL,2015,97056,20990
Unidas,VOLKSWAGEN,GOL,2015,71689,20990
Unidas,VOLKSWAGEN,GOL,2015,63402,20990
Unidas,VOLKSWAGEN,GOL,2015,122211,20990
Unidas,VOLKSWAGEN,GOL,2015,193161,20990
Unidas,VOLKSWAGEN,GOL,2015,116182,20990
Unidas,VOLKSWAGEN,GOL,2015,62828,20990
Unidas,VOLKSWAGEN,GOL,2015,66100,20990
Unidas,VOLKSWAGEN,GOL,2015,96767,20990
Unidas,VOLKSWAGEN,GOL,2015,120882,20990
Unidas,VOLKSWAGEN,GOL,2015,87214,20990
Unidas,VOLKSWAGEN,GOL,2015,137007,20990
Unidas,VOLKSWAGEN,GOL,2015,92698,20990
Unidas,VOLKSWAGEN,GOL,2015,98032,20990
Unidas,VOLKSWAGEN,GOL,2015,122938,20990
Unidas,FIAT,UNO,2015,95519,20990
Unidas,VOLKSWAGEN,GOL,2015,88593,20990
Unidas,VOLKSWAGEN,GOL,2015,66286,20990
Unidas,VOLKSWAGEN,GOL,2015,67726,20990
Unidas,VOLKSWAGEN,GOL,2015,64735,20990
Unidas,VOLKSWAGEN,GOL,2015,72919,20990
Unidas,VOLKSWAGEN,GOL,2015,92322,20990
Unidas,VOLKSWAGEN,GOL,2015,43746,21490
Unidas,VOLKSWAGEN,GOL,2015,57240,21490
Unidas,VOLKSWAGEN,GOL,2015,59515,21490
Unidas,VOLKSWAGEN,GOL,2015,58307,21490
Unidas,VOLKSWAGEN,GOL,2015,59649,21490
Unidas,VOLKSWAGEN,GOL,2015,56313,21490
Unidas,VOLKSWAGEN,GOL,2015,38007,21990
Unidas,FIAT,UNO,2015,124809,22490
Unidas,FIAT,UNO,2015,109677,22490
Unidas,FIAT,UNO,2015,57654,22490
Unidas,VOLKSWAGEN,GOL,2015,119355,22990
Unidas,VOLKSWAGEN,GOL,2015,110195,22990
Unidas,FIAT,UNO,2015,39652,22990
Unidas,VOLKSWAGEN,GOL,2015,98524,22990
Unidas,VOLKSWAGEN,GOL,2015,70096,22990
Unidas,VOLKSWAGEN,GOL,2015,118496,22990
Unidas,VOLKSWAGEN,GOL,2015,76493,22990
Unidas,VOLKSWAGEN,GOL,2015,123157,22990
Unidas,VOLKSWAGEN,GOL,2015,93533,22990
Unidas,VOLKSWAGEN,GOL,2015,103727,22990
Unidas,VOLKSWAGEN,GOL,2015,118550,22990
Unidas,VOLKSWAGEN,GOL,2015,69228,22990
Unidas,VOLKSWAGEN,GOL,2016,92719,23490
Unidas,VOLKSWAGEN,GOL,2015,52367,23490
Unidas,VOLKSWAGEN,GOL,2015,145965,23490
Unidas,VOLKSWAGEN,GOL,2015,144910,23490
Unidas,VOLKSWAGEN,GOL,2015,116503,23490
Unidas,FIAT,UNO,2016,81712,23990
Unidas,FIAT,UNO,2016,50738,23990
Unidas,VOLKSWAGEN,GOL,2015,41496,23990
Unidas,VOLKSWAGEN,GOL,2015,58132,23990
Unidas,VOLKSWAGEN,GOL,2014,71737,23990
Unidas,FIAT,UNO,2016,64787,23990
Unidas,FIAT,UNO,2016,102627,23990
Unidas,FIAT,UNO,2016,45642,23990
Unidas,FIAT,UNO,2016,29032,23990
Unidas,FIAT,UNO,2016,47700,23990
Unidas,FIAT,UNO,2016,51997,23990
Unidas,FIAT,UNO,2016,66864,23990
Unidas,FIAT,UNO,2016,54993,23990
Unidas,FIAT,UNO,2016,44507,25990
Unidas,VOLKSWAGEN,GOL,2015,70131,26000
Unidas,FIAT,UNO,2016,76637,26490
Unidas,VOLKSWAGEN,SAVEIRO,2015,64594,26990
Unidas,VOLKSWAGEN,SAVEIRO,2015,79669,26990
Unidas,VOLKSWAGEN,SAVEIRO,2015,99671,26990
Unidas,VOLKSWAGEN,SAVEIRO,2015,152843,26990
Unidas,VOLKSWAGEN,SAVEIRO,2015,106079,26990
Unidas,VOLKSWAGEN,SAVEIRO,2015,83786,26990
Unidas,VOLKSWAGEN,SAVEIRO,2015,92018,26990
Unidas,VOLKSWAGEN,SAVEIRO,2015,76268,26990
Unidas,VOLKSWAGEN,SAVEIRO,2015,112972,26990
Unidas,FIAT,UNO,2016,55210,27490
Unidas,FIAT,UNO,2016,80458,27990
Unidas,FIAT,UNO,2016,64534,27990
Unidas,FIAT,UNO,2016,69101,27990
Unidas,FIAT,UNO,2016,73325,27990
Unidas,FIAT,UNO,2016,68542,27990
Unidas,FIAT,UNO,2016,68860,27990
Unidas,FIAT,UNO,2016,62815,27990
Unidas,FIAT,UNO,2016,169977,27990
Unidas,VOLKSWAGEN,GOL,2015,55668,27990
Unidas,VOLKSWAGEN,GOL,2015,56786,27990
Unidas,FIAT,UNO,2016,49442,28490
Unidas,FIAT,UNO,2016,48500,28490
Unidas,FIAT,UNO,2016,54174,28490
Unidas,FIAT,UNO,2016,59950,28490
Unidas,FIAT,UNO,2016,42697,28490
Unidas,FIAT,UNO,2016,47786,28490
Unidas,FIAT,UNO,2016,41486,28490
Unidas,FIAT,UNO,2016,50794,28490
Unidas,FIAT,UNO,2016,55159,28490
Unidas,VOLKSWAGEN,SAVEIRO,2015,71988,28990
Unidas,NISSAN,MARCH,2015,36324,28990
Unidas,FIAT,UNO,2016,31897,28990
Unidas,FIAT,UNO,2016,36606,28990
Unidas,FIAT,UNO,2016,36744,28990
Unidas,FIAT,UNO,2016,37975,28990
Unidas,FIAT,UNO,2016,39525,28990
Unidas,FIAT,UNO,2016,39659,28990
Unidas,FIAT,UNO,2016,39047,28990
Unidas,FIAT,UNO,2016,35916,28990
Unidas,FIAT,UNO,2016,36146,28990
Unidas,FIAT,UNO,2016,39822,28990
Unidas,FIAT,UNO,2016,36588,28990
Unidas,FIAT,UNO,2016,37143,28990
Unidas,FIAT,UNO,2016,38039,28990
Unidas,FIAT,UNO,2016,39159,28990
Unidas,FIAT,UNO,2016,34861,28990
Unidas,FIAT,UNO,2016,33242,28990
Unidas,VOLKSWAGEN,GOL,2015,142693,29490
Unidas,FIAT,UNO,2015,98953,30490
Unidas,VOLKSWAGEN,SAVEIRO,2015,113537,30490
Unidas,VOLKSWAGEN,SAVEIRO,2015,68891,30490
Unidas,VOLKSWAGEN,SAVEIRO,2015,101280,30490
Unidas,VOLKSWAGEN,SAVEIRO,2015,80787,30490
Unidas,VOLKSWAGEN,SAVEIRO,2015,127937,30490
Unidas,VOLKSWAGEN,SAVEIRO,2015,104880,30490
Unidas,VOLKSWAGEN,SAVEIRO,2015,103190,30490
Unidas,VOLKSWAGEN,SAVEIRO,2015,109299,30490
Unidas,VOLKSWAGEN,SAVEIRO,2015,75240,30490
Unidas,VOLKSWAGEN,SAVEIRO,2015,94892,30490
Unidas,VOLKSWAGEN,SAVEIRO,2015,133669,30490
Unidas,VOLKSWAGEN,SAVEIRO,2015,105468,30490
Unidas,VOLKSWAGEN,SAVEIRO,2015,135537,30490
Unidas,VOLKSWAGEN,SAVEIRO,2015,95661,30490
Unidas,VOLKSWAGEN,SAVEIRO,2015,94043,30490
Unidas,VOLKSWAGEN,SAVEIRO,2015,123373,30490
Unidas,VOLKSWAGEN,SAVEIRO,2015,127181,30490
Unidas,VOLKSWAGEN,SAVEIRO,2015,109144,30490
Unidas,VOLKSWAGEN,SAVEIRO,2015,152751,30490
Unidas,VOLKSWAGEN,SAVEIRO,2015,101280,30490
Unidas,FIAT,UNO,2015,98953,30490
Unidas,VOLKSWAGEN,SAVEIRO,2015,99632,30490
Unidas,VOLKSWAGEN,SAVEIRO,2015,136651,30490
Unidas,VOLKSWAGEN,SAVEIRO,2015,110116,30490
Unidas,VOLKSWAGEN,SAVEIRO,2015,108654,30490
Unidas,VOLKSWAGEN,SAVEIRO,2015,93880,30490
Unidas,VOLKSWAGEN,SAVEIRO,2015,111311,30490
Unidas,VOLKSWAGEN,SAVEIRO,2015,140421,30490
Unidas,VOLKSWAGEN,SAVEIRO,2015,127877,30490
Unidas,VOLKSWAGEN,SAVEIRO,2015,113317,30490
Unidas,VOLKSWAGEN,SAVEIRO,2015,150233,30490
Unidas,VOLKSWAGEN,SAVEIRO,2015,110952,30490
Unidas,VOLKSWAGEN,SAVEIRO,2015,108935,30490
Unidas,VOLKSWAGEN,SAVEIRO,2015,94823,30490
Unidas,VOLKSWAGEN,SAVEIRO,2015,116080,30490
Unidas,VOLKSWAGEN,SAVEIRO,2015,83252,30490
Unidas,VOLKSWAGEN,SAVEIRO,2015,113537,30490
Unidas,VOLKSWAGEN,SAVEIRO,2015,80787,30490
Unidas,VOLKSWAGEN,SAVEIRO,2015,68891,30490
Unidas,VOLKSWAGEN,VOYAGE,2015,193721,30990
Unidas,VOLKSWAGEN,VOYAGE,2015,84553,30990
Unidas,RENAULT,KANGOO,2015,94082,30990
Unidas,VOLKSWAGEN,SAVEIRO,2015,140540,30990
Unidas,FIAT,UNO,2016,73885,30990
Unidas,FIAT,UNO,2016,65608,30990
Unidas,FIAT,UNO,2016,66646,30990
Unidas,RENAULT,KANGOO,2015,152265,30990
Unidas,FIAT,UNO,2016,98212,30990
Unidas,FIAT,UNO,2016,76230,30990
Unidas,VOLKSWAGEN,SAVEIRO,2015,57060,30990
Unidas,FIAT,STRADA,2016,47804,31490
Unidas,FIAT,STRADA,2016,48473,31490
Unidas,FIAT,UNO,2016,48401,31490
Unidas,FIAT,STRADA,2016,45110,31490
Unidas,FIAT,STRADA,2016,49558,31490
Unidas,FIAT,STRADA,2016,52295,31490
Unidas,FIAT,STRADA,2016,47070,31490
Unidas,FIAT,STRADA,2016,44641,31490
Unidas,FIAT,STRADA,2016,53952,31490
Unidas,FIAT,UNO,2016,41231,31490
Unidas,VOLKSWAGEN,SAVEIRO,2016,86850,31490
Unidas,VOLKSWAGEN,SAVEIRO,2016,66873,31490
Unidas,VOLKSWAGEN,SAVEIRO,2016,152072,31490
Unidas,VOLKSWAGEN,SAVEIRO,2016,105120,31490
Unidas,FIAT,UNO,2016,55895,31490
Unidas,VOLKSWAGEN,SAVEIRO,2016,95701,31490
Unidas,FIAT,UNO,2016,54826,31490
Unidas,FIAT,UNO,2016,56010,31490
Unidas,FIAT,UNO,2016,41265,31490
Unidas,FIAT,UNO,2016,47119,31490
Unidas,FIAT,STRADA,2016,51412,31490
Unidas,FIAT,STRADA,2016,47645,31490
Unidas,FIAT,UNO,2016,33223,31990
Unidas,FIAT,UNO,2016,34401,31990
Unidas,VOLKSWAGEN,SAVEIRO,2016,54214,31990
Unidas,VOLKSWAGEN,SAVEIRO,2016,41571,31990
Unidas,FIAT,UNO,2016,37700,31990
Unidas,VOLKSWAGEN,SAVEIRO,2016,43867,31990
Unidas,VOLKSWAGEN,SAVEIRO,2016,46126,31990
Unidas,FIAT,UNO,2016,39588,31990
Unidas,NISSAN,MARCH,2016,53329,31990
Unidas,FIAT,UNO,2016,1000,31990
Unidas,VOLKSWAGEN,UP,2015,89942,32490
Unidas,RENAULT,SANDERO,2017,52821,32490
Unidas,RENAULT,SANDERO,2017,48995,32490
Unidas,RENAULT,SANDERO,2017,48386,32490
Unidas,RENAULT,SANDERO,2017,55722,32490
Unidas,RENAULT,SANDERO,2017,43171,32490
Unidas,RENAULT,SANDERO,2017,40675,32490
Unidas,RENAULT,SANDERO,2017,45867,32490
Unidas,VOLKSWAGEN,UP,2015,80395,32490
Unidas,RENAULT,SANDERO,2017,47172,32490
Unidas,VOLKSWAGEN,UP,2015,76232,32490
Unidas,RENAULT,SANDERO,2017,50350,32490
Unidas,VOLKSWAGEN,UP,2015,99592,32490
Unidas,RENAULT,SANDERO,2017,55836,32490
Unidas,RENAULT,SANDERO,2017,48155,32490
Unidas,VOLKSWAGEN,UP,2015,102659,32490
Unidas,VOLKSWAGEN,UP,2015,93192,32490
Unidas,VOLKSWAGEN,UP,2015,106414,32490
Unidas,VOLKSWAGEN,UP,2015,126688,32490
Unidas,FIAT,UNO,2017,28202,32500
Unidas,RENAULT,SANDERO,2015,37453,32990
Unidas,VOLKSWAGEN,UP,2016,83035,32990
Unidas,RENAULT,KANGOO,2016,82155,32990
Unidas,VOLKSWAGEN,VOYAGE,2015,149110,32990
Unidas,RENAULT,SANDERO,2017,39696,32990
Unidas,RENAULT,SANDERO,2017,37777,32990
Unidas,RENAULT,SANDERO,2017,32209,32990
Unidas,NISSAN,MARCH,2017,52000,33490
Unidas,NISSAN,MARCH,2017,54178,33490
Unidas,NISSAN,MARCH,2017,42770,33490
Unidas,NISSAN,MARCH,2017,40720,33490
Unidas,NISSAN,MARCH,2017,44405,33490
Unidas,NISSAN,MARCH,2017,50163,33490
Unidas,NISSAN,MARCH,2017,49616,33490
Unidas,NISSAN,MARCH,2017,40683,33490
Unidas,NISSAN,MARCH,2017,58220,33490
Unidas,NISSAN,MARCH,2017,40640,33490
Unidas,NISSAN,MARCH,2017,50048,33490
Unidas,NISSAN,MARCH,2017,41408,33490
Unidas,NISSAN,MARCH,2017,47777,33490
Unidas,NISSAN,MARCH,2017,49831,33490
Unidas,NISSAN,MARCH,2017,50482,33490
Unidas,NISSAN,MARCH,2017,53367,33490
Unidas,NISSAN,MARCH,2017,40482,33490
Unidas,NISSAN,MARCH,2017,46952,33490
Unidas,NISSAN,MARCH,2017,40936,33490
Unidas,FIAT,DOBLO,2014,93470,33990
Unidas,RENAULT,SANDERO,2017,70548,33990
Unidas,FIAT,UNO,2017,54839,33990
Unidas,FIAT,UNO,2017,50104,33990
Unidas,FIAT,UNO,2017,40646,33990
Unidas,FIAT,UNO,2017,51855,33990
Unidas,NISSAN,MARCH,2017,37536,33990
Unidas,FIAT,UNO,2017,53183,33990
Unidas,NISSAN,MARCH,2017,37167,33990
Unidas,FIAT,UNO,2017,69314,33990
Unidas,NISSAN,MARCH,2017,33932,33990
Unidas,FIAT,UNO,2017,60948,33990
Unidas,FIAT,UNO,2017,42713,33990
Unidas,FIAT,UNO,2017,49589,33990
Unidas,FIAT,UNO,2017,47844,33990
Unidas,FIAT,UNO,2017,51226,33990
Unidas,FIAT,UNO,2017,57384,33990
Unidas,FIAT,UNO,2017,68001,33990
Unidas,FIAT,UNO,2017,43041,33990
Unidas,FIAT,UNO,2017,40230,33990
Unidas,FIAT,UNO,2017,42358,33990
Unidas,FIAT,UNO,2017,41895,33990
Unidas,NISSAN,MARCH,2017,24389,33990
Unidas,FIAT,UNO,2017,46259,33990
Unidas,NISSAN,MARCH,2017,32267,33990
Unidas,FIAT,UNO,2017,105448,33990
Unidas,FIAT,UNO,2017,44117,33990
Unidas,NISSAN,MARCH,2017,35846,33990
Unidas,FIAT,UNO,2017,48069,33990
Unidas,NISSAN,MARCH,2017,34192,33990
Unidas,FIAT,UNO,2017,43868,33990
Unidas,RENAULT,SANDERO,2017,60586,33990
Unidas,FIAT,UNO,2017,42715,33990
Unidas,FIAT,UNO,2017,69389,33990
Unidas,NISSAN,MARCH,2017,39379,33990
Unidas,NISSAN,MARCH,2017,39391,33990
Unidas,NISSAN,MARCH,2017,37966,33990
Unidas,NISSAN,MARCH,2017,37501,33990
Unidas,NISSAN,MARCH,2017,38490,33990
Unidas,NISSAN,MARCH,2017,33254,33990
Unidas,FIAT,UNO,2017,59000,33990
Unidas,FIAT,UNO,2017,41202,33990
Unidas,FIAT,UNO,2017,44188,33990
Unidas,FIAT,UNO,2017,48762,33990
Unidas,FIAT,UNO,2017,57299,33990
Unidas,FIAT,UNO,2017,42542,33990
Unidas,NISSAN,MARCH,2017,30637,33990
Unidas,FIAT,UNO,2017,42009,33990
Unidas,FIAT,UNO,2017,54000,33990
Unidas,NISSAN,MARCH,2017,32666,33990
Unidas,FIAT,STRADA,2016,53602,34000
Unidas,FIAT,UNO,2017,32189,34490
Unidas,RENAULT,SANDERO,2017,50235,34490
Unidas,RENAULT,SANDERO,2017,56660,34490
Unidas,RENAULT,SANDERO,2017,49795,34490
Unidas,FIAT,UNO,2017,34173,34490
Unidas,RENAULT,SANDERO,2017,51000,34490
Unidas,RENAULT,SANDERO,2017,43300,34490
Unidas,RENAULT,SANDERO,2017,46694,34490
Unidas,FIAT,UNO,2017,35496,34490
Unidas,FIAT,UNO,2017,37760,34490
Unidas,FIAT,UNO,2017,36100,34490
Unidas,FIAT,UNO,2017,30493,34490
Unidas,RENAULT,SANDERO,2017,57734,34490
Unidas,FIAT,UNO,2017,39221,34490
Unidas,RENAULT,SANDERO,2017,56687,34490
Unidas,FIAT,UNO,2017,37295,34490
Unidas,RENAULT,SANDERO,2017,42518,34490
Unidas,FIAT,UNO,2017,30743,34490
Unidas,RENAULT,SANDERO,2017,40887,34490
Unidas,FIAT,UNO,2017,33293,34490
Unidas,FIAT,UNO,2017,35950,34490
Unidas,RENAULT,SANDERO,2017,44536,34490
Unidas,FIAT,UNO,2017,38022,34490
Unidas,FIAT,UNO,2017,33994,34490
Unidas,FIAT,UNO,2017,37710,34490
Unidas,FIAT,UNO,2017,33953,34490
Unidas,RENAULT,SANDERO,2017,55137,34490
Unidas,FIAT,UNO,2017,33515,34490
Unidas,FIAT,UNO,2017,33760,34490
Unidas,FIAT,UNO,2017,33730,34490
Unidas,RENAULT,SANDERO,2017,53267,34490
Unidas,RENAULT,SANDERO,2017,46998,34490
Unidas,FIAT,UNO,2017,31792,34490
Unidas,FIAT,UNO,2017,38347,34490
Unidas,FIAT,UNO,2017,38411,34490
Unidas,FIAT,UNO,2017,32330,34490
Unidas,FIAT,UNO,2017,33629,34490
Unidas,FIAT,UNO,2017,31125,34490
Unidas,RENAULT,SANDERO,2017,1000,34490
Unidas,FIAT,STRADA,2016,79256,34990
Unidas,FORD,FIESTA,2015,56841,34990
Unidas,FIAT,STRADA,2016,64571,34990
Unidas,FIAT,STRADA,2016,60311,34990
Unidas,VOLKSWAGEN,SAVEIRO,2017,34252,34990
Unidas,HYUNDAI,HB20,2016,68901,34990
Unidas,FIAT,UNO,2017,28682,34990
Unidas,FIAT,UNO,2017,24042,34990
Unidas,FIAT,UNO,2017,26418,34990
Unidas,FIAT,STRADA,2016,83856,34990
Unidas,FIAT,STRADA,2016,108191,34990
Unidas,FIAT,STRADA,2016,66015,34990
Unidas,FIAT,UNO,2017,29426,34990
Unidas,FIAT,UNO,2017,25801,34990
Unidas,FIAT,UNO,2017,21020,34990
Unidas,FIAT,STRADA,2016,76736,34990
Unidas,FIAT,UNO,2017,28623,34990
Unidas,FIAT,STRADA,2016,115833,34990
Unidas,FIAT,STRADA,2016,107266,34990
Unidas,VOLKSWAGEN,SAVEIRO,2017,29882,34990
Unidas,FIAT,STRADA,2016,87177,34990
Unidas,FIAT,STRADA,2016,104897,34990
Unidas,FIAT,STRADA,2016,103097,34990
Unidas,RENAULT,SANDERO,2017,34626,34990
Unidas,FIAT,UNO,2017,24479,34990
Unidas,CHEVROLET,MONTANA,2016,85954,34990
Unidas,NISSAN,VERSA,2016,70180,34990
Unidas,FIAT,STRADA,2016,97722,34990
Unidas,FIAT,STRADA,2016,103664,34990
Unidas,FIAT,UNO,2017,1000,34990
Unidas,FIAT,STRADA,2016,72153,34990
Unidas,TOYOTA,ETIOS,2016,51957,34990
Unidas,RENAULT,SANDERO,2017,36428,34990
Unidas,FIAT,UNO,2017,26588,34990
Unidas,CHEVROLET,ONIX,2017,49180,34990
Unidas,FIAT,STRADA,2016,81396,34990
Unidas,RENAULT,SANDERO,2017,30459,34990
Unidas,FIAT,STRADA,2016,79583,34990
Unidas,FIAT,UNO,2017,17055,34990
Unidas,RENAULT,SANDERO,2017,35927,34990
Unidas,RENAULT,SANDERO,2017,39310,34990
Unidas,FIAT,STRADA,2016,91218,34990
Unidas,FIAT,STRADA,2016,84025,34990
Unidas,FIAT,STRADA,2016,68054,34990
Unidas,FIAT,STRADA,2016,91336,34990
Unidas,FORD,KA+,2015,96069,34990
Unidas,FIAT,UNO,2017,27817,34990
Unidas,FIAT,STRADA,2016,94322,34990
Unidas,NISSAN,VERSA,2016,63547,34990
Unidas,FIAT,STRADA,2016,108234,34990
Unidas,FIAT,UNO,2017,28428,34990
Unidas,TOYOTA,ETIOS,2016,60683,34990
Unidas,FIAT,UNO,2017,20098,34990
Unidas,FIAT,STRADA,2016,104449,34990
Unidas,FIAT,STRADA,2016,82235,34990
Unidas,FIAT,STRADA,2016,69600,34990
Unidas,FORD,KA+,2015,83621,34990
Unidas,FIAT,STRADA,2016,99248,34990
Unidas,FIAT,STRADA,2016,79124,34990
Unidas,FIAT,STRADA,2016,109438,34990
Unidas,FIAT,STRADA,2016,83082,34990
Unidas,CHEVROLET,ONIX,2017,44459,34990
Unidas,FIAT,STRADA,2016,121338,34990
Unidas,VOLKSWAGEN,SAVEIRO,2017,38482,35000
Unidas,RENAULT,SANDERO,2018,39180,35000
Unidas,FORD,KA,2018,49463,35000
Unidas,VOLKSWAGEN,SAVEIRO,2017,40491,35000
Unidas,RENAULT,SANDERO,2017,48404,35490
Unidas,RENAULT,SANDERO,2017,44250,35490
Unidas,FORD,KA,2017,49825,35490
Unidas,RENAULT,LOGAN,2016,66334,35490
Unidas,NISSAN,VERSA,2016,58974,35490
Unidas,RENAULT,SANDERO,2017,40216,35490
Unidas,FIAT,STRADA,2016,58855,35490
Unidas,FIAT,UNO,2018,50090,35490
Unidas,FORD,KA+,2016,40441,35490
Unidas,NISSAN,VERSA,2016,53830,35490
Unidas,CHEVROLET,MONTANA,2017,43843,35490
Unidas,CHEVROLET,MONTANA,2017,48398,35490
Unidas,FIAT,UNO,2017,67287,35490
Unidas,NISSAN,VERSA,2016,54913,35490
Unidas,FORD,KA,2017,43271,35490
Unidas,FORD,KA,2017,39952,35490
Unidas,CHEVROLET,MONTANA,2017,42152,35490
Unidas,FORD,KA,2017,29775,35490
Unidas,CHEVROLET,MONTANA,2017,40871,35490
Unidas,CHEVROLET,MONTANA,2017,52185,35490
Unidas,RENAULT,SANDERO,2017,37721,35990
Unidas,FIAT,MOBI,2018,36741,35990
Unidas,FIAT,UNO,2018,43364,35990
Unidas,FIAT,UNO,2018,30610,35990
Unidas,RENAULT,SANDERO,2017,37092,35990
Unidas,RENAULT,SANDERO,2017,22654,35990
Unidas,FIAT,MOBI,2018,29469,35990
Unidas,FIAT,MOBI,2018,30847,35990
Unidas,RENAULT,SANDERO,2017,38074,35990
Unidas,FIAT,MOBI,2018,32662,35990
Unidas,FIAT,STRADA,2016,31784,35990
Unidas,RENAULT,SANDERO,2017,31661,35990
Unidas,FIAT,UNO,2018,31194,35990
Unidas,FIAT,MOBI,2018,28039,35990
Unidas,FIAT,MOBI,2018,30759,35990
Unidas,FIAT,MOBI,2018,33121,35990
Unidas,FIAT,MOBI,2018,35620,35990
Unidas,FIAT,MOBI,2018,28987,35990
Unidas,FIAT,MOBI,2018,27628,35990
Unidas,FIAT,MOBI,2018,25323,35990
Unidas,FIAT,MOBI,2018,40285,35990
Unidas,FIAT,MOBI,2018,36221,35990
Unidas,FIAT,UNO,2018,30222,35990
Unidas,FIAT,UNO,2018,36997,35990
Unidas,FORD,KA,2016,75326,35990
Unidas,FIAT,MOBI,2018,33800,35990
Unidas,FIAT,UNO,2018,43141,35990
Unidas,FIAT,UNO,2018,44742,35990
Unidas,FIAT,UNO,2018,28812,35990
Unidas,FIAT,MOBI,2018,36175,35990
Unidas,FIAT,UNO,2018,49425,35990
Unidas,FORD,KA,2016,82331,35990
Unidas,FIAT,MOBI,2018,24827,35990
Unidas,RENAULT,LOGAN,2016,37894,35990
Unidas,CHEVROLET,MONTANA,2017,34147,35990
Unidas,FIAT,GRANDSIENA,2015,88596,35990
Unidas,FIAT,MOBI,2018,29415,35990
Unidas,FIAT,UNO,2018,31099,35990
Unidas,FIAT,UNO,2018,39950,35990
Unidas,FIAT,UNO,2018,38956,35990
Unidas,FIAT,UNO,2018,42773,35990
Unidas,FIAT,MOBI,2018,27210,35990
Unidas,FIAT,MOBI,2018,29492,35990
Unidas,FIAT,MOBI,2018,30648,35990
Unidas,FIAT,UNO,2018,38052,35990
Unidas,FIAT,UNO,2018,32013,35990
Unidas,RENAULT,LOGAN,2016,32487,35990
Unidas,FIAT,UNO,2018,36449,35990
Unidas,FIAT,UNO,2018,40797,35990
Unidas,FIAT,MOBI,2018,30059,35990
Unidas,FIAT,MOBI,2018,30918,35990
Unidas,CHEVROLET,MONTANA,2017,31899,35990
Unidas,FIAT,UNO,2018,31347,35990
Unidas,FIAT,MOBI,2018,30358,35990
Unidas,CHEVROLET,MONTANA,2017,32351,35990
Unidas,FIAT,MOBI,2018,40099,35990
Unidas,FIAT,UNO,2018,29413,35990
Unidas,FIAT,MOBI,2018,27616,35990
Unidas,FIAT,MOBI,2018,28335,35990
Unidas,FIAT,UNO,2018,27760,35990
Unidas,FIAT,UNO,2018,43072,35990
Unidas,FIAT,UNO,2018,30717,35990
Unidas,FIAT,UNO,2018,41386,35990
Unidas,FIAT,MOBI,2018,30416,35990
Unidas,VOLKSWAGEN,FOX,2016,45763,36490
Unidas,VOLKSWAGEN,GOL,2015,52520,36990
Unidas,RENAULT,SANDERO,2018,59122,36990
Unidas,RENAULT,SANDERO,2018,42549,36990
Unidas,RENAULT,SANDERO,2018,47570,36990
Unidas,CITROEN,C3,2017,55080,36990
Unidas,RENAULT,SANDERO,2018,51337,36990
Unidas,RENAULT,SANDERO,2018,41954,36990
Unidas,RENAULT,SANDERO,2018,45672,36990
Unidas,RENAULT,SANDERO,2018,43838,36990
Unidas,RENAULT,SANDERO,2018,53740,36990
Unidas,RENAULT,SANDERO,2018,57812,36990
Unidas,RENAULT,SANDERO,2018,42722,36990
Unidas,RENAULT,SANDERO,2018,47174,36990
Unidas,FORD,KA,2018,51883,36990
Unidas,RENAULT,SANDERO,2018,44009,36990
Unidas,FORD,KA,2018,50679,36990
Unidas,RENAULT,SANDERO,2018,41420,36990
Unidas,RENAULT,SANDERO,2018,45072,36990
Unidas,RENAULT,SANDERO,2018,40584,36990
Unidas,RENAULT,SANDERO,2018,42255,36990
Unidas,RENAULT,SANDERO,2018,48215,36990
Unidas,RENAULT,SANDERO,2018,49130,36990
Unidas,RENAULT,SANDERO,2018,50526,36990
Unidas,RENAULT,SANDERO,2018,45363,36990
Unidas,RENAULT,SANDERO,2018,46261,36990
Unidas,RENAULT,SANDERO,2018,48243,36990
Unidas,FIAT,DOBLO,2015,191164,36990
Unidas,VOLKSWAGEN,VOYAGE,2015,92373,36990
Unidas,RENAULT,SANDERO,2018,40042,36990
Unidas,RENAULT,SANDERO,2018,43789,36990
Unidas,RENAULT,SANDERO,2018,52140,36990
Unidas,RENAULT,SANDERO,2018,50104,36990
Unidas,RENAULT,SANDERO,2018,41393,36990
Unidas,FORD,KA,2018,85511,36990
Unidas,RENAULT,SANDERO,2018,44823,36990
Unidas,RENAULT,SANDERO,2018,47298,36990
Unidas,FORD,KA,2018,50775,36990
Unidas,RENAULT,SANDERO,2018,45222,36990
Unidas,RENAULT,SANDERO,2018,45257,36990
Unidas,RENAULT,SANDERO,2018,43964,36990
Unidas,RENAULT,SANDERO,2018,50419,36990
Unidas,RENAULT,SANDERO,2018,45070,36990
Unidas,FIAT,STRADA,2017,29469,36990
Unidas,RENAULT,SANDERO,2018,61876,36990
Unidas,RENAULT,SANDERO,2018,42296,36990
Unidas,RENAULT,SANDERO,2018,45071,36990
Unidas,RENAULT,SANDERO,2018,46647,36990
Unidas,RENAULT,SANDERO,2018,45574,36990
Unidas,RENAULT,SANDERO,2018,42589,36990
Unidas,RENAULT,SANDERO,2018,46595,36990
Unidas,RENAULT,SANDERO,2018,52931,36990
Unidas,RENAULT,SANDERO,2018,42439,36990
Unidas,RENAULT,SANDERO,2018,46331,36990
Unidas,RENAULT,SANDERO,2018,50545,36990
Unidas,RENAULT,SANDERO,2018,60222,36990
Unidas,RENAULT,SANDERO,2018,42534,36990
Unidas,RENAULT,SANDERO,2018,50934,36990
Unidas,RENAULT,SANDERO,2018,67798,36990
Unidas,RENAULT,SANDERO,2018,44154,36990
Unidas,RENAULT,SANDERO,2018,40146,36990
Unidas,RENAULT,SANDERO,2018,1000,36990
Unidas,RENAULT,SANDERO,2018,44550,36990
Unidas,CITROEN,C3,2017,58906,36990
Unidas,RENAULT,SANDERO,2018,55513,36990
Unidas,FORD,KA,2018,52052,36990
Unidas,FORD,KA,2018,63475,36990
Unidas,RENAULT,SANDERO,2018,42975,36990
Unidas,RENAULT,SANDERO,2018,40562,36990
Unidas,FORD,KA,2018,51790,36990
Unidas,RENAULT,SANDERO,2018,41726,36990
Unidas,CITROEN,C3,2017,51413,36990
Unidas,RENAULT,SANDERO,2018,43073,36990
Unidas,RENAULT,SANDERO,2018,40196,36990
Unidas,FORD,KA,2018,53699,36990
Unidas,RENAULT,SANDERO,2018,43633,36990
Unidas,RENAULT,SANDERO,2018,40893,36990
Unidas,RENAULT,SANDERO,2018,40420,36990
Unidas,RENAULT,SANDERO,2018,45037,36990
Unidas,FORD,KA,2018,52809,36990
Unidas,FORD,KA,2018,54642,36990
Unidas,RENAULT,SANDERO,2018,45877,36990
Unidas,RENAULT,SANDERO,2018,63457,36990
Unidas,RENAULT,SANDERO,2018,46046,36990
Unidas,RENAULT,SANDERO,2018,48241,36990
Unidas,VOLKSWAGEN,FOX,2016,33135,36990
Unidas,RENAULT,SANDERO,2018,41604,36990
Unidas,RENAULT,SANDERO,2018,46125,36990
Unidas,RENAULT,SANDERO,2018,41354,36990
Unidas,RENAULT,SANDERO,2018,48668,36990
Unidas,RENAULT,SANDERO,2018,47021,36990
Unidas,RENAULT,SANDERO,2018,58858,36990
Unidas,RENAULT,SANDERO,2018,59849,36990
Unidas,FORD,KA,2018,57709,36990
Unidas,RENAULT,SANDERO,2018,40180,36990
Unidas,RENAULT,SANDERO,2018,41411,36990
Unidas,RENAULT,SANDERO,2018,44035,36990
Unidas,RENAULT,SANDERO,2018,40626,36990
Unidas,RENAULT,SANDERO,2018,42031,36990
Unidas,RENAULT,SANDERO,2018,31814,36990
Unidas,FORD,KA,2018,52533,36990
Unidas,RENAULT,SANDERO,2018,42284,36990
Unidas,FIAT,PUNTO,2015,75947,36990
Unidas,RENAULT,SANDERO,2018,45299,36990
Unidas,FORD,KA,2018,55484,36990
Unidas,RENAULT,SANDERO,2018,41201,36990
Unidas,FORD,KA,2018,51596,36990
Unidas,RENAULT,SANDERO,2018,49217,36990
Unidas,CHEVROLET,PRISMA,2014,227050,36990
Unidas,RENAULT,SANDERO,2018,45560,36990
Unidas,FORD,KA,2018,50202,36990
Unidas,RENAULT,SANDERO,2018,41275,36990
Unidas,FORD,KA,2018,58092,36990
Unidas,RENAULT,SANDERO,2018,51955,36990
Unidas,RENAULT,SANDERO,2018,54257,36990
Unidas,RENAULT,SANDERO,2018,40433,36990
Unidas,RENAULT,SANDERO,2018,49211,36990
Unidas,RENAULT,SANDERO,2018,45122,36990
Unidas,RENAULT,SANDERO,2018,47331,36990
Unidas,RENAULT,SANDERO,2018,41855,36990
Unidas,RENAULT,SANDERO,2018,40309,36990
Unidas,RENAULT,SANDERO,2018,41837,36990
Unidas,RENAULT,SANDERO,2018,41177,36990
Unidas,RENAULT,SANDERO,2018,48144,36990
Unidas,RENAULT,SANDERO,2018,50156,36990
Unidas,RENAULT,SANDERO,2018,53639,36990
Unidas,RENAULT,SANDERO,2018,42350,36990
Unidas,RENAULT,SANDERO,2018,47308,36990
Unidas,RENAULT,SANDERO,2018,56336,36990
Unidas,RENAULT,SANDERO,2018,48007,36990
Unidas,RENAULT,SANDERO,2018,42273,36990
Unidas,RENAULT,SANDERO,2018,53645,36990
Unidas,RENAULT,SANDERO,2018,40910,36990
Unidas,FORD,KA,2018,52695,36990
Unidas,RENAULT,SANDERO,2018,46566,36990
Unidas,RENAULT,SANDERO,2018,46669,36990
Unidas,FORD,KA,2018,55002,36990
Unidas,RENAULT,SANDERO,2018,43705,36990
Unidas,RENAULT,SANDERO,2018,45390,36990
Unidas,FORD,KA,2018,57616,36990
Unidas,RENAULT,SANDERO,2018,45831,36990
Unidas,RENAULT,SANDERO,2018,46636,36990
Unidas,RENAULT,SANDERO,2018,44018,36990
Unidas,RENAULT,SANDERO,2018,42339,36990
Unidas,RENAULT,SANDERO,2018,41156,36990
Unidas,RENAULT,SANDERO,2018,40708,36990
Unidas,FIAT,STRADA,2017,32406,36990
Unidas,RENAULT,SANDERO,2018,47588,36990
Unidas,FORD,KA,2018,57888,36990
Unidas,RENAULT,SANDERO,2018,48993,36990
Unidas,FORD,KA,2018,54488,36990
Unidas,RENAULT,SANDERO,2018,42888,36990
Unidas,RENAULT,SANDERO,2018,41647,36990
Unidas,RENAULT,SANDERO,2018,40338,36990
Unidas,RENAULT,SANDERO,2018,40954,36990
Unidas,RENAULT,SANDERO,2018,40889,36990
Unidas,RENAULT,SANDERO,2018,51552,36990
Unidas,RENAULT,SANDERO,2018,56560,36990
Unidas,RENAULT,SANDERO,2018,42158,36990
Unidas,RENAULT,SANDERO,2018,42356,36990
Unidas,RENAULT,SANDERO,2018,56126,36990
Unidas,RENAULT,SANDERO,2018,45734,36990
Unidas,RENAULT,SANDERO,2018,42232,36990
Unidas,RENAULT,SANDERO,2018,50517,36990
Unidas,RENAULT,SANDERO,2018,48011,36990
Unidas,FORD,KA,2018,59922,36990
Unidas,RENAULT,SANDERO,2018,44020,36990
Unidas,RENAULT,SANDERO,2018,41477,36990
Unidas,RENAULT,SANDERO,2018,44198,36990
Unidas,RENAULT,SANDERO,2018,46998,36990
Unidas,RENAULT,SANDERO,2018,44188,36990
Unidas,RENAULT,SANDERO,2018,42757,36990
Unidas,FORD,KA,2018,51568,36990
Unidas,FORD,KA,2018,55159,36990
Unidas,RENAULT,SANDERO,2018,41362,36990
Unidas,RENAULT,SANDERO,2018,46071,36990
Unidas,RENAULT,SANDERO,2018,42691,36990
Unidas,FORD,KA,2018,52033,36990
Unidas,RENAULT,SANDERO,2018,51432,36990
Unidas,RENAULT,SANDERO,2018,42549,36990
Unidas,RENAULT,SANDERO,2018,44181,36990
Unidas,RENAULT,SANDERO,2018,41651,36990
Unidas,RENAULT,SANDERO,2018,45750,36990
Unidas,RENAULT,SANDERO,2018,43108,36990
Unidas,RENAULT,SANDERO,2018,44887,36990
Unidas,CHEVROLET,PRISMA,2014,150758,36990
Unidas,RENAULT,SANDERO,2018,40720,36990
Unidas,RENAULT,SANDERO,2018,46500,36990
Unidas,FORD,KA,2018,54242,36990
Unidas,RENAULT,SANDERO,2018,45495,36990
Unidas,RENAULT,SANDERO,2018,45822,36990
Unidas,FORD,KA,2018,51499,36990
Unidas,FORD,KA,2018,55281,36990
Unidas,RENAULT,SANDERO,2018,47259,36990
Unidas,FORD,KA,2018,52704,36990
Unidas,RENAULT,SANDERO,2018,43545,36990
Unidas,FORD,KA,2018,54291,36990
Unidas,RENAULT,SANDERO,2018,42284,36990
Unidas,RENAULT,SANDERO,2018,44139,36990
Unidas,RENAULT,SANDERO,2018,48898,36990
Unidas,RENAULT,SANDERO,2018,48138,36990
Unidas,RENAULT,SANDERO,2018,40292,36990
Unidas,RENAULT,SANDERO,2018,45787,36990
Unidas,RENAULT,SANDERO,2018,41927,36990
Unidas,RENAULT,SANDERO,2018,47382,36990
Unidas,FIAT,PUNTO,2015,51675,36990
Unidas,RENAULT,SANDERO,2018,42183,36990
Unidas,RENAULT,SANDERO,2018,45560,36990
Unidas,RENAULT,SANDERO,2018,46140,36990
Unidas,RENAULT,SANDERO,2018,40351,36990
Unidas,RENAULT,SANDERO,2018,44703,36990
Unidas,RENAULT,SANDERO,2018,44083,36990
Unidas,RENAULT,SANDERO,2018,51326,36990
Unidas,RENAULT,SANDERO,2018,40476,36990
Unidas,RENAULT,SANDERO,2018,50362,36990
Unidas,RENAULT,SANDERO,2018,46531,36990
Unidas,FORD,KA,2018,50243,36990
Unidas,RENAULT,SANDERO,2018,51602,36990
Unidas,RENAULT,SANDERO,2018,44791,36990
Unidas,RENAULT,SANDERO,2018,45107,36990
Unidas,RENAULT,SANDERO,2018,44174,36990
Unidas,RENAULT,SANDERO,2018,44949,36990
Unidas,FORD,KA,2018,80527,36990
Unidas,RENAULT,SANDERO,2018,42300,36990
Unidas,RENAULT,SANDERO,2018,44424,36990
Unidas,RENAULT,SANDERO,2018,43425,36990
Unidas,RENAULT,SANDERO,2018,43173,36990
Unidas,FIAT,DOBLO,2015,108528,36990
Unidas,CHEVROLET,ONIX,2017,72237,37000
Unidas,FIAT,STRADA,2017,51523,37000
Unidas,FIAT,STRADA,2017,43849,37000
Unidas,CHEVROLET,ONIX,2017,55895,37000
Unidas,FIAT,STRADA,2017,35492,37000
Unidas,CHEVROLET,ONIX,2017,43000,37000
Unidas,CITROEN,C3,2017,48083,37490
Unidas,FORD,KA,2018,44643,37490
Unidas,RENAULT,SANDERO,2018,38530,37490
Unidas,RENAULT,SANDERO,2018,30719,37490
Unidas,RENAULT,SANDERO,2018,30105,37490
Unidas,FORD,KA,2018,45314,37490
Unidas,FORD,KA,2018,42811,37490
Unidas,VOLKSWAGEN,SAVEIRO,2017,45385,37490
Unidas,CITROEN,C3,2017,43300,37490
Unidas,RENAULT,SANDERO,2018,30751,37490
Unidas,VOLKSWAGEN,SAVEIRO,2017,47410,37490
Unidas,CITROEN,C3,2017,48209,37490
Unidas,FORD,KA,2018,42759,37490
Unidas,RENAULT,SANDERO,2018,33503,37490
Unidas,VOLKSWAGEN,SAVEIRO,2017,44435,37490
Unidas,RENAULT,SANDERO,2018,36411,37490
Unidas,HYUNDAI,HB20,2017,54436,37490
Unidas,RENAULT,SANDERO,2018,30543,37490
Unidas,VOLKSWAGEN,SAVEIRO,2017,45153,37490
Unidas,RENAULT,SANDERO,2018,39836,37490
Unidas,FORD,KA,2018,48599,37490
Unidas,CITROEN,C3,2017,48361,37490
Unidas,RENAULT,SANDERO,2018,39867,37490
Unidas,FORD,KA,2018,44666,37490
Unidas,RENAULT,SANDERO,2018,31987,37490
Unidas,RENAULT,SANDERO,2018,34991,37490
Unidas,CITROEN,C3,2017,44761,37490
Unidas,HYUNDAI,HB20,2017,42483,37490
Unidas,VOLKSWAGEN,SAVEIRO,2017,55426,37490
Unidas,FORD,KA,2018,40191,37490
Unidas,VOLKSWAGEN,SAVEIRO,2017,59717,37490
Unidas,VOLKSWAGEN,SAVEIRO,2017,51471,37490
Unidas,FORD,KA,2018,40356,37490
Unidas,FORD,KA,2018,45772,37490
Unidas,HYUNDAI,HB20,2017,43552,37490
Unidas,RENAULT,SANDERO,2018,34516,37490
Unidas,VOLKSWAGEN,SAVEIRO,2017,57271,37490
Unidas,RENAULT,SANDERO,2018,39490,37490
Unidas,RENAULT,SANDERO,2018,37858,37490
Unidas,RENAULT,SANDERO,2018,36533,37490
Unidas,RENAULT,SANDERO,2018,34168,37490
Unidas,RENAULT,SANDERO,2018,33951,37490
Unidas,FORD,KA,2018,43599,37490
Unidas,RENAULT,SANDERO,2018,36872,37490
Unidas,CITROEN,C3,2017,47475,37490
Unidas,CITROEN,C3,2017,43871,37490
Unidas,FORD,KA,2018,47059,37490
Unidas,VOLKSWAGEN,SAVEIRO,2017,40041,37490
Unidas,RENAULT,SANDERO,2018,30480,37490
Unidas,RENAULT,SANDERO,2018,38663,37490
Unidas,FORD,KA,2018,47499,37490
Unidas,RENAULT,SANDERO,2018,39686,37490
Unidas,RENAULT,SANDERO,2018,36793,37490
Unidas,VOLKSWAGEN,SAVEIRO,2017,55501,37490
Unidas,VOLKSWAGEN,SAVEIRO,2017,46336,37490
Unidas,RENAULT,SANDERO,2018,32637,37490
Unidas,RENAULT,SANDERO,2018,38316,37490
Unidas,RENAULT,SANDERO,2018,39417,37490
Unidas,RENAULT,SANDERO,2018,38630,37490
Unidas,RENAULT,SANDERO,2018,39926,37490
Unidas,RENAULT,SANDERO,2018,33361,37490
Unidas,RENAULT,SANDERO,2018,38964,37490
Unidas,VOLKSWAGEN,SAVEIRO,2017,45865,37490
Unidas,RENAULT,SANDERO,2018,37103,37490
Unidas,FORD,KA,2018,43041,37490
Unidas,VOLKSWAGEN,SAVEIRO,2017,57796,37490
Unidas,RENAULT,SANDERO,2018,31873,37490
Unidas,VOLKSWAGEN,SAVEIRO,2017,47551,37490
Unidas,RENAULT,SANDERO,2018,30187,37490
Unidas,RENAULT,SANDERO,2018,39229,37490
Unidas,VOLKSWAGEN,SAVEIRO,2017,43341,37490
Unidas,FORD,KA,2018,48383,37490
Unidas,FORD,KA,2018,44878,37490
Unidas,FORD,KA,2018,41031,37490
Unidas,CITROEN,C3,2017,43139,37490
Unidas,RENAULT,SANDERO,2018,33686,37490
Unidas,FORD,KA,2018,40239,37490
Unidas,RENAULT,SANDERO,2018,30191,37490
Unidas,FORD,KA,2018,42021,37490
Unidas,CITROEN,C3,2017,43366,37490
Unidas,FORD,KA,2018,46522,37490
Unidas,FORD,KA,2018,40174,37490
Unidas,VOLKSWAGEN,SAVEIRO,2017,42803,37490
Unidas,FORD,KA,2018,41441,37490
Unidas,FORD,KA,2018,49825,37490
Unidas,FORD,KA,2018,47279,37490
Unidas,RENAULT,SANDERO,2018,39482,37490
Unidas,RENAULT,SANDERO,2018,35249,37490
Unidas,FORD,KA,2018,40131,37490
Unidas,CITROEN,C3,2017,46178,37490
Unidas,FORD,KA,2018,44275,37490
Unidas,CITROEN,C3,2017,42452,37490
Unidas,FORD,KA+,2017,51523,37490
Unidas,VOLKSWAGEN,SAVEIRO,2017,51992,37490
Unidas,RENAULT,SANDERO,2018,36569,37490
Unidas,RENAULT,SANDERO,2018,38120,37490
Unidas,RENAULT,SANDERO,2018,37364,37490
Unidas,RENAULT,SANDERO,2018,32135,37490
Unidas,FORD,KA,2018,43314,37490
Unidas,VOLKSWAGEN,SAVEIRO,2017,49702,37490
Unidas,FORD,KA,2018,44990,37490
Unidas,RENAULT,SANDERO,2018,32502,37490
Unidas,RENAULT,SANDERO,2018,39413,37490
Unidas,VOLKSWAGEN,SAVEIRO,2017,52822,37490
Unidas,FORD,KA,2018,45068,37490
Unidas,FORD,KA,2018,42305,37490
Unidas,RENAULT,SANDERO,2018,33117,37490
Unidas,RENAULT,SANDERO,2018,37109,37490
Unidas,FORD,KA,2018,43845,37490
Unidas,RENAULT,SANDERO,2018,33503,37490
Unidas,VOLKSWAGEN,SAVEIRO,2017,57002,37490
Unidas,HYUNDAI,HB20,2017,55188,37490
Unidas,FORD,KA,2018,43100,37490
Unidas,VOLKSWAGEN,SAVEIRO,2017,40443,37490
Unidas,CITROEN,C3,2017,43504,37490
Unidas,CITROEN,C3,2017,42424,37490
Unidas,FORD,KA,2018,41040,37490
Unidas,FORD,KA,2018,41368,37490
Unidas,RENAULT,SANDERO,2018,36118,37490
Unidas,RENAULT,SANDERO,2018,35550,37490
Unidas,RENAULT,SANDERO,2018,39309,37490
Unidas,FORD,KA,2018,42708,37490
Unidas,FORD,KA,2018,44115,37490
Unidas,RENAULT,SANDERO,2018,38995,37490
Unidas,FORD,KA,2018,40664,37490
Unidas,FORD,KA,2018,44306,37490
Unidas,FORD,KA,2018,49001,37490
Unidas,FORD,KA,2018,46363,37490
Unidas,RENAULT,LOGAN,2017,45428,37490
Unidas,FORD,KA,2018,46709,37490
Unidas,RENAULT,SANDERO,2018,33313,37490
Unidas,RENAULT,SANDERO,2018,32949,37490
Unidas,RENAULT,SANDERO,2018,38713,37490
Unidas,FORD,KA,2018,49039,37490
Unidas,FORD,KA,2018,45453,37490
Unidas,RENAULT,SANDERO,2018,37792,37490
Unidas,FORD,KA,2018,42422,37490
Unidas,RENAULT,SANDERO,2018,31223,37490
Unidas,RENAULT,SANDERO,2018,30236,37490
Unidas,FORD,KA,2018,49505,37490
Unidas,RENAULT,SANDERO,2018,31192,37490
Unidas,NISSAN,MARCH,2016,36036,37490
Unidas,FORD,KA,2018,49173,37490
Unidas,FORD,KA,2018,48824,37490
Unidas,RENAULT,SANDERO,2018,30494,37490
Unidas,RENAULT,SANDERO,2018,35357,37490
Unidas,VOLKSWAGEN,SAVEIRO,2017,48166,37490
Unidas,RENAULT,SANDERO,2018,35500,37490
Unidas,FORD,KA,2018,43210,37490
Unidas,RENAULT,SANDERO,2018,33456,37490
Unidas,RENAULT,SANDERO,2018,31799,37490
Unidas,RENAULT,SANDERO,2018,35787,37490
Unidas,RENAULT,SANDERO,2018,32026,37490
Unidas,RENAULT,SANDERO,2018,31906,37490
Unidas,FORD,KA,2018,44048,37490
Unidas,FORD,KA,2018,42495,37490
Unidas,RENAULT,SANDERO,2018,37329,37490
Unidas,CITROEN,C3,2017,47023,37490
Unidas,RENAULT,SANDERO,2018,34260,37490
Unidas,VOLKSWAGEN,SAVEIRO,2017,50955,37490
Unidas,RENAULT,SANDERO,2018,36523,37490
Unidas,RENAULT,SANDERO,2018,37894,37490
Unidas,VOLKSWAGEN,SAVEIRO,2017,40282,37490
Unidas,RENAULT,SANDERO,2018,31193,37490
Unidas,RENAULT,SANDERO,2018,34536,37490
Unidas,VOLKSWAGEN,SAVEIRO,2017,48772,37490
Unidas,FORD,KA,2018,49449,37490
Unidas,RENAULT,SANDERO,2018,39079,37490
Unidas,RENAULT,SANDERO,2018,33929,37490
Unidas,RENAULT,SANDERO,2018,38061,37490
Unidas,RENAULT,SANDERO,2018,34766,37490
Unidas,RENAULT,SANDERO,2018,35668,37490
Unidas,RENAULT,SANDERO,2018,35168,37490
Unidas,RENAULT,SANDERO,2018,38935,37490
Unidas,HYUNDAI,HB20,2017,44775,37490
Unidas,RENAULT,SANDERO,2018,35613,37490
Unidas,RENAULT,SANDERO,2018,36186,37490
Unidas,RENAULT,SANDERO,2018,34346,37490
Unidas,RENAULT,SANDERO,2018,32132,37490
Unidas,RENAULT,SANDERO,2018,35666,37490
Unidas,RENAULT,SANDERO,2018,35246,37490
Unidas,FORD,KA,2018,46626,37490
Unidas,RENAULT,SANDERO,2018,33812,37490
Unidas,RENAULT,SANDERO,2018,36423,37490
Unidas,RENAULT,SANDERO,2018,31455,37490
Unidas,RENAULT,SANDERO,2018,35379,37490
Unidas,RENAULT,SANDERO,2018,37715,37490
Unidas,RENAULT,SANDERO,2018,35673,37490
Unidas,HYUNDAI,HB20,2017,58928,37490
Unidas,FORD,KA,2018,48390,37490
Unidas,RENAULT,SANDERO,2018,32707,37490
Unidas,VOLKSWAGEN,SAVEIRO,2017,46184,37490
Unidas,CITROEN,C3,2017,42932,37490
Unidas,RENAULT,SANDERO,2018,31657,37490
Unidas,CITROEN,C3,2017,45843,37490
Unidas,CITROEN,C3,2017,44060,37490
Unidas,RENAULT,SANDERO,2018,32570,37490
Unidas,RENAULT,SANDERO,2018,34302,37490
Unidas,FORD,KA,2018,42175,37490
Unidas,RENAULT,SANDERO,2018,38450,37490
Unidas,RENAULT,SANDERO,2018,35490,37490
Unidas,RENAULT,SANDERO,2018,37423,37490
Unidas,RENAULT,SANDERO,2018,32255,37490
Unidas,RENAULT,SANDERO,2018,33219,37490
Unidas,FORD,KA,2018,44643,37490
Unidas,CITROEN,C3,2017,40996,37490
Unidas,HYUNDAI,HB20,2017,72001,37490
Unidas,VOLKSWAGEN,SAVEIRO,2017,45645,37490
Unidas,CITROEN,C3,2017,49707,37490
Unidas,RENAULT,SANDERO,2018,38972,37490
Unidas,VOLKSWAGEN,SAVEIRO,2017,60054,37490
Unidas,CITROEN,C3,2017,41364,37490
Unidas,RENAULT,SANDERO,2018,31288,37490
Unidas,HYUNDAI,HB20,2017,40096,37490
Unidas,RENAULT,SANDERO,2018,31425,37490
Unidas,RENAULT,SANDERO,2018,34847,37490
Unidas,FORD,KA,2018,44899,37490
Unidas,VOLKSWAGEN,SAVEIRO,2017,49895,37490
Unidas,CITROEN,C3,2017,47086,37490
Unidas,RENAULT,SANDERO,2018,36045,37490
Unidas,VOLKSWAGEN,SAVEIRO,2017,41975,37490
Unidas,CITROEN,C3,2017,47703,37490
Unidas,RENAULT,SANDERO,2018,32799,37490
Unidas,HYUNDAI,HB20,2017,52811,37490
Unidas,HYUNDAI,HB20,2017,59265,37490
Unidas,CITROEN,C3,2017,44055,37490
Unidas,HYUNDAI,HB20,2017,29411,37990
Unidas,RENAULT,SANDERO,2018,25774,37990
Unidas,CITROEN,C3,2017,29522,37990
Unidas,CITROEN,C3,2017,39831,37990
Unidas,CITROEN,C3,2017,35584,37990
Unidas,CITROEN,C3,2017,34212,37990
Unidas,HYUNDAI,HB20,2017,30537,37990
Unidas,CITROEN,C3,2017,36707,37990
Unidas,CITROEN,C3,2017,32978,37990
Unidas,CITROEN,C3,2017,29768,37990
Unidas,FORD,KA,2018,36303,37990
Unidas,FORD,KA,2018,32104,37990
Unidas,CITROEN,C3,2017,34361,37990
Unidas,FORD,KA,2018,37007,37990
Unidas,RENAULT,SANDERO,2018,29266,37990
Unidas,CITROEN,C3,2017,37871,37990
Unidas,CITROEN,C3,2017,34595,37990
Unidas,FORD,KA,2018,31463,37990
Unidas,CITROEN,C3,2017,34805,37990
Unidas,VOLKSWAGEN,SAVEIRO,2017,32746,37990
Unidas,CITROEN,C3,2017,33397,37990
Unidas,FORD,KA,2018,37604,37990
Unidas,FORD,KA,2018,38650,37990
Unidas,FORD,KA,2018,34658,37990
Unidas,VOLKSWAGEN,SAVEIRO,2017,36924,37990
Unidas,TOYOTA,ETIOS,2017,65592,37990
Unidas,CITROEN,C3,2017,30746,37990
Unidas,VOLKSWAGEN,SAVEIRO,2017,39546,37990
Unidas,FORD,KA,2018,37506,37990
Unidas,CITROEN,C3,2017,35139,37990
Unidas,RENAULT,SANDERO,2018,1000,37990
Unidas,FORD,KA,2018,30419,37990
Unidas,CITROEN,C3,2017,34878,37990
Unidas,RENAULT,SANDERO,2018,28356,37990
Unidas,CITROEN,C3,2017,31769,37990
Unidas,TOYOTA,ETIOS,2017,45911,37990
Unidas,FORD,KA,2018,38587,37990
Unidas,RENAULT,SANDERO,2018,1000,37990
Unidas,RENAULT,SANDERO,2018,1000,37990
Unidas,CITROEN,C3,2017,22753,37990
Unidas,VOLKSWAGEN,SAVEIRO,2017,35776,37990
Unidas,FORD,KA,2018,28116,37990
Unidas,FORD,KA,2018,39875,37990
Unidas,VOLKSWAGEN,SAVEIRO,2017,1000,37990
Unidas,CITROEN,C3,2017,39591,37990
Unidas,FORD,KA,2018,31355,37990
Unidas,RENAULT,SANDERO,2018,25557,37990
Unidas,RENAULT,SANDERO,2018,28258,37990
Unidas,FORD,KA,2018,38852,37990
Unidas,FIAT,GRANDSIENA,2016,111534,37990
Unidas,RENAULT,SANDERO,2018,29686,37990
Unidas,CITROEN,C3,2017,31472,37990
Unidas,FORD,KA,2018,32907,37990
Unidas,TOYOTA,ETIOS,2017,62832,37990
Unidas,FORD,KA,2017,65157,37990
Unidas,RENAULT,SANDERO,2018,14618,37990
Unidas,RENAULT,SANDERO,2018,14618,37990
Unidas,FORD,KA,2018,39591,37990
Unidas,FORD,KA,2018,34096,37990
Unidas,FORD,KA,2018,35920,37990
Unidas,RENAULT,SANDERO,2018,35511,37990
Unidas,FIAT,FIORINO,2016,39775,37990
Unidas,FORD,KA,2018,37297,37990
Unidas,RENAULT,SANDERO,2018,27468,37990
Unidas,CITROEN,C3,2017,35238,37990
Unidas,CITROEN,C3,2017,35540,37990
Unidas,RENAULT,SANDERO,2018,28845,37990
Unidas,RENAULT,SANDERO,2018,28087,37990
Unidas,FORD,KA,2018,31194,37990
Unidas,FORD,KA,2018,39253,37990
Unidas,FORD,KA,2018,38109,37990
Unidas,VOLKSWAGEN,SAVEIRO,2017,39524,37990
Unidas,FORD,KA,2018,38882,37990
Unidas,FORD,KA,2018,27213,37990
Unidas,FORD,KA,2018,33190,37990
Unidas,RENAULT,SANDERO,2018,25222,37990
Unidas,FORD,KA,2018,32340,37990
Unidas,VOLKSWAGEN,SAVEIRO,2017,12635,37990
Unidas,FORD,KA,2018,35936,37990
Unidas,FORD,KA,2018,36209,37990
Unidas,FORD,KA,2018,37869,37990
Unidas,FORD,KA,2018,35489,37990
Unidas,VOLKSWAGEN,SAVEIRO,2017,33502,37990
Unidas,RENAULT,SANDERO,2018,25051,37990
Unidas,FORD,KA,2018,34793,37990
Unidas,CITROEN,C3,2017,34805,37990
Unidas,FORD,KA,2018,38711,37990
Unidas,HYUNDAI,HB20,2017,36182,37990
Unidas,RENAULT,SANDERO,2018,27601,37990
Unidas,VOLKSWAGEN,SAVEIRO,2017,30153,37990
Unidas,RENAULT,SANDERO,2018,25149,37990
Unidas,CITROEN,C3,2017,31047,37990
Unidas,HYUNDAI,HB20,2017,39901,37990
Unidas,CITROEN,C3,2017,30395,37990
Unidas,FORD,KA,2018,39191,37990
Unidas,RENAULT,SANDERO,2018,1000,37990
Unidas,FORD,KA,2018,32185,37990
Unidas,FORD,KA,2018,30837,37990
Unidas,CITROEN,C3,2017,30171,37990
Unidas,FORD,KA,2018,35484,37990
Unidas,CITROEN,C3,2017,36227,37990
Unidas,FORD,KA,2018,38855,37990
Unidas,CITROEN,C3,2017,33470,37990
Unidas,RENAULT,SANDERO,2018,30000,37990
Unidas,CITROEN,C3,2017,32954,37990
Unidas,RENAULT,SANDERO,2018,20445,37990
Unidas,RENAULT,SANDERO,2018,1000,37990
Unidas,FORD,KA,2018,34564,37990
Unidas,FORD,KA,2018,35570,37990
Unidas,CITROEN,C3,2017,33121,37990
Unidas,FORD,KA,2018,38154,37990
Unidas,CITROEN,C3,2017,30812,37990
Unidas,CITROEN,C3,2017,35031,37990
Unidas,RENAULT,SANDERO,2018,27556,37990
Unidas,FORD,KA,2018,37621,37990
Unidas,CITROEN,C3,2017,34105,37990
Unidas,CITROEN,C3,2017,29608,37990
Unidas,CITROEN,C3,2017,32506,37990
Unidas,HYUNDAI,HB20,2017,22081,37990
Unidas,HYUNDAI,HB20,2017,30881,37990
Unidas,RENAULT,SANDERO,2018,24644,37990
Unidas,CITROEN,C3,2017,25222,37990
Unidas,CITROEN,C3,2017,35172,37990
Unidas,CITROEN,C3,2017,31875,37990
Unidas,RENAULT,SANDERO,2018,29321,37990
Unidas,FORD,KA,2017,42528,38490
Unidas,TOYOTA,ETIOS,2017,42322,38490
Unidas,TOYOTA,ETIOS,2017,47951,38490
Unidas,FORD,KA,2017,55908,38490
Unidas,TOYOTA,ETIOS,2017,45727,38490
Unidas,PEUGEOT,208,2017,50134,38490
Unidas,FORD,KA,2017,42715,38490
Unidas,TOYOTA,ETIOS,2017,51035,38490
Unidas,FORD,KA,2017,40389,38490
Unidas,TOYOTA,ETIOS,2017,56097,38490
Unidas,FORD,KA,2017,40420,38490
Unidas,TOYOTA,ETIOS,2017,43940,38490
Unidas,TOYOTA,ETIOS,2017,48091,38490
Unidas,FORD,KA,2017,51304,38490
Unidas,PEUGEOT,208,2017,55552,38490
Unidas,PEUGEOT,208,2017,69000,38490
Unidas,FORD,KA,2017,40415,38490
Unidas,FORD,KA,2017,55828,38490
Unidas,PEUGEOT,208,2017,52253,38490
Unidas,FORD,KA,2017,51538,38490
Unidas,PEUGEOT,208,2017,67001,38490
Unidas,FORD,KA,2017,40662,38490
Unidas,TOYOTA,ETIOS,2017,53411,38490
Unidas,FORD,KA,2017,50786,38490
Unidas,PEUGEOT,208,2017,55925,38490
Unidas,PEUGEOT,208,2017,69378,38490
Unidas,PEUGEOT,208,2017,51905,38490
Unidas,TOYOTA,ETIOS,2017,47385,38490
Unidas,PEUGEOT,208,2017,51136,38490
Unidas,FORD,KA,2017,41051,38490
Unidas,NISSAN,MARCH,2017,22600,38500
Unidas,CHEVROLET,MONTANA,2017,30100,38800
Unidas,FORD,KA,2017,39543,38990
Unidas,FIAT,STRADA,2017,56030,38990
Unidas,FIAT,STRADA,2017,50529,38990
Unidas,FIAT,LINEA,2015,119890,38990
Unidas,TOYOTA,ETIOS,2017,38043,38990
Unidas,TOYOTA,ETIOS,2017,60560,38990
Unidas,TOYOTA,ETIOS,2017,31661,38990
Unidas,FORD,KA,2017,32823,38990
Unidas,FIAT,STRADA,2017,60531,38990
Unidas,NISSAN,VERSA,2017,51020,38990
Unidas,FORD,KA,2017,40021,38990
Unidas,FIAT,STRADA,2017,67220,38990
Unidas,NISSAN,VERSA,2017,42211,38990
Unidas,NISSAN,VERSA,2017,55200,38990
Unidas,FIAT,STRADA,2017,66185,38990
Unidas,FIAT,STRADA,2017,58497,38990
Unidas,NISSAN,VERSA,2017,46194,38990
Unidas,HYUNDAI,HB20,2017,58165,38990
Unidas,FORD,KA,2017,32267,38990
Unidas,FORD,KA,2017,35519,38990
Unidas,HYUNDAI,HB20,2017,1000,38990
Unidas,PEUGEOT,208,2017,40810,38990
Unidas,PEUGEOT,208,2017,41253,38990
Unidas,PEUGEOT,208,2017,43633,38990
Unidas,FIAT,STRADA,2017,63009,38990
Unidas,FIAT,STRADA,2017,56115,38990
Unidas,PEUGEOT,208,2017,46244,38990
Unidas,FORD,KA,2017,25955,38990
Unidas,PEUGEOT,208,2017,49733,38990
Unidas,NISSAN,VERSA,2017,53401,38990
Unidas,TOYOTA,ETIOS,2017,33406,38990
Unidas,HYUNDAI,HB20,2017,52773,38990
Unidas,PEUGEOT,208,2017,45410,38990
Unidas,FORD,KA,2017,38908,38990
Unidas,NISSAN,VERSA,2017,41072,38990
Unidas,FIAT,STRADA,2017,51500,38990
Unidas,FIAT,STRADA,2017,64840,38990
Unidas,HYUNDAI,HB20,2017,47195,38990
Unidas,TOYOTA,ETIOS,2017,34004,38990
Unidas,FIAT,STRADA,2017,60809,38990
Unidas,FIAT,STRADA,2017,61741,38990
Unidas,PEUGEOT,208,2017,49326,38990
Unidas,TOYOTA,ETIOS,2017,39352,38990
Unidas,PEUGEOT,208,2017,49449,38990
Unidas,PEUGEOT,208,2017,46854,38990
Unidas,PEUGEOT,208,2017,40278,38990
Unidas,RENAULT,LOGAN,2018,63750,38990
Unidas,PEUGEOT,208,2017,45201,38990
Unidas,PEUGEOT,208,2017,49291,38990
Unidas,FIAT,STRADA,2017,51135,38990
Unidas,NISSAN,VERSA,2017,71344,38990
Unidas,RENAULT,LOGAN,2018,61240,38990
Unidas,PEUGEOT,208,2017,46446,38990
Unidas,TOYOTA,ETIOS,2017,30001,38990
Unidas,PEUGEOT,208,2017,47336,38990
Unidas,PEUGEOT,208,2017,45905,38990
Unidas,NISSAN,VERSA,2017,51410,38990
Unidas,HYUNDAI,HB20,2017,56554,38990
Unidas,CHEVROLET,ONIX,2017,76924,38990
Unidas,PEUGEOT,208,2017,42363,38990
Unidas,RENAULT,SANDERO,2018,36412,39000
Unidas,RENAULT,SANDERO,2018,39732,39000
Unidas,RENAULT,SANDERO,2018,33467,39000
Unidas,CHEVROLET,ONIX,2017,50674,39490
Unidas,CHEVROLET,ONIX,2017,50523,39490
Unidas,CHEVROLET,ONIX,2017,46796,39490
Unidas,CHEVROLET,ONIX,2017,65832,39490
Unidas,FIAT,STRADA,2017,45627,39490
Unidas,VOLKSWAGEN,VOYAGE,2017,45595,39490
Unidas,FIAT,STRADA,2017,40163,39490
Unidas,VOLKSWAGEN,VOYAGE,2017,45305,39490
Unidas,FIAT,STRADA,2017,40499,39490
Unidas,CHEVROLET,ONIX,2017,51640,39490
Unidas,CHEVROLET,ONIX,2017,57433,39490
Unidas,CHEVROLET,ONIX,2017,51247,39490
Unidas,CHEVROLET,ONIX,2017,45279,39490
Unidas,CHEVROLET,ONIX,2017,49873,39490
Unidas,CHEVROLET,ONIX,2017,53800,39490
Unidas,CHEVROLET,ONIX,2017,50662,39490
Unidas,CHEVROLET,ONIX,2017,52020,39490
Unidas,FIAT,STRADA,2017,43432,39490
Unidas,CHEVROLET,ONIX,2017,40130,39490
Unidas,CHEVROLET,ONIX,2017,48748,39490
Unidas,CHEVROLET,ONIX,2017,42345,39490
Unidas,CHEVROLET,ONIX,2017,41037,39490
Unidas,CHEVROLET,ONIX,2017,42362,39490
Unidas,RENAULT,LOGAN,2018,49171,39490
Unidas,CHEVROLET,ONIX,2017,61412,39490
Unidas,FIAT,STRADA,2017,32594,39490
Unidas,FIAT,STRADA,2017,39908,39490
Unidas,CHEVROLET,ONIX,2017,40498,39490
Unidas,CHEVROLET,ONIX,2017,44077,39490
Unidas,FIAT,STRADA,2017,32602,39490
Unidas,CHEVROLET,ONIX,2017,40442,39490
Unidas,FIAT,STRADA,2017,45614,39490
Unidas,VOLKSWAGEN,VOYAGE,2017,42776,39490
Unidas,CHEVROLET,ONIX,2017,44243,39490
Unidas,CHEVROLET,ONIX,2017,46367,39490
Unidas,VOLKSWAGEN,VOYAGE,2017,41236,39490
Unidas,NISSAN,VERSA,2017,35315,39490
Unidas,CHEVROLET,ONIX,2017,53348,39490
Unidas,VOLKSWAGEN,VOYAGE,2017,40924,39490
Unidas,NISSAN,VERSA,2017,34619,39490
Unidas,NISSAN,VERSA,2017,33500,39490
Unidas,RENAULT,LOGAN,2018,40753,39490
Unidas,FIAT,STRADA,2017,32473,39490
Unidas,PEUGEOT,208,2017,38074,39490
Unidas,CHEVROLET,ONIX,2017,45804,39490
Unidas,FIAT,STRADA,2017,40879,39490
Unidas,FIAT,STRADA,2017,34476,39490
Unidas,CHEVROLET,ONIX,2017,49431,39490
Unidas,FIAT,STRADA,2017,39539,39490
Unidas,FIAT,STRADA,2017,42591,39490
Unidas,CHEVROLET,ONIX,2017,44357,39490
Unidas,CHEVROLET,ONIX,2017,51881,39490
Unidas,CHEVROLET,ONIX,2017,57293,39490
Unidas,HYUNDAI,HB20,2017,27598,39490
Unidas,NISSAN,VERSA,2017,33814,39490
Unidas,RENAULT,LOGAN,2018,42576,39490
Unidas,CHEVROLET,ONIX,2017,52788,39490
Unidas,CHEVROLET,ONIX,2017,42651,39490
Unidas,CHEVROLET,ONIX,2017,43680,39490
Unidas,RENAULT,LOGAN,2018,55352,39490
Unidas,FIAT,STRADA,2017,37762,39490
Unidas,CHEVROLET,ONIX,2017,54850,39490
Unidas,CHEVROLET,ONIX,2017,63325,39490
Unidas,CHEVROLET,ONIX,2017,54516,39490
Unidas,NISSAN,VERSA,2017,34342,39490
Unidas,FIAT,STRADA,2017,33515,39490
Unidas,FIAT,STRADA,2017,36690,39490
Unidas,CHEVROLET,ONIX,2017,57417,39490
Unidas,FIAT,STRADA,2017,40623,39490
Unidas,CHEVROLET,ONIX,2017,45817,39490
Unidas,HYUNDAI,HB20,2017,29976,39490
Unidas,CHEVROLET,ONIX,2017,42551,39490
Unidas,FIAT,STRADA,2017,40620,39490
Unidas,CHEVROLET,ONIX,2017,50447,39490
Unidas,CHEVROLET,ONIX,2017,50769,39490
Unidas,CHEVROLET,ONIX,2017,54217,39490
Unidas,RENAULT,LOGAN,2018,45514,39490
Unidas,CHEVROLET,ONIX,2017,60511,39490
Unidas,CHEVROLET,ONIX,2017,47419,39490
Unidas,PEUGEOT,208,2017,38455,39490
Unidas,RENAULT,LOGAN,2018,46087,39490
Unidas,FIAT,STRADA,2017,42817,39490
Unidas,CHEVROLET,ONIX,2017,46123,39490
Unidas,CHEVROLET,ONIX,2017,44059,39490
Unidas,CHEVROLET,ONIX,2017,53525,39490
Unidas,CHEVROLET,ONIX,2017,40621,39490
Unidas,CHEVROLET,ONIX,2017,54914,39490
Unidas,FIAT,STRADA,2017,39672,39490
Unidas,CHEVROLET,ONIX,2017,52093,39490
Unidas,CHEVROLET,ONIX,2017,51033,39490
Unidas,FIAT,STRADA,2017,35413,39490
Unidas,CHEVROLET,ONIX,2017,50268,39490
Unidas,CHEVROLET,ONIX,2017,41283,39490
Unidas,RENAULT,LOGAN,2018,49946,39490
Unidas,CHEVROLET,ONIX,2017,41750,39490
Unidas,CHEVROLET,ONIX,2017,40240,39490
Unidas,CHEVROLET,ONIX,2017,45933,39490
Unidas,CHEVROLET,ONIX,2017,48855,39490
Unidas,RENAULT,LOGAN,2018,51080,39490
Unidas,CHEVROLET,ONIX,2017,48883,39490
Unidas,CHEVROLET,ONIX,2017,40295,39490
Unidas,CHEVROLET,ONIX,2017,47487,39490
Unidas,FIAT,STRADA,2017,42916,39490
Unidas,CHEVROLET,ONIX,2017,56737,39490
Unidas,CHEVROLET,ONIX,2017,40658,39490
Unidas,CHEVROLET,ONIX,2017,45390,39490
Unidas,RENAULT,LOGAN,2018,50262,39490
Unidas,FIAT,STRADA,2017,32554,39490
Unidas,FIAT,STRADA,2017,35656,39490
Unidas,FIAT,STRADA,2017,38447,39490
Unidas,CHEVROLET,ONIX,2017,40860,39490
Unidas,CHEVROLET,ONIX,2017,45180,39490
Unidas,CHEVROLET,ONIX,2017,47005,39490
Unidas,FIAT,STRADA,2017,45467,39490
Unidas,CHEVROLET,ONIX,2017,57763,39490
Unidas,FIAT,STRADA,2017,31652,39490
Unidas,FIAT,STRADA,2017,41598,39490
Unidas,FIAT,STRADA,2017,37683,39490
Unidas,CHEVROLET,ONIX,2017,46611,39490
Unidas,FIAT,STRADA,2017,37862,39490
Unidas,FIAT,STRADA,2017,31106,39490
Unidas,CHEVROLET,ONIX,2017,41326,39490
Unidas,PEUGEOT,208,2017,39367,39490
Unidas,CHEVROLET,ONIX,2017,42915,39490
Unidas,CHEVROLET,ONIX,2017,42175,39490
Unidas,PEUGEOT,208,2017,35942,39490
Unidas,NISSAN,VERSA,2017,35909,39490
Unidas,CHEVROLET,ONIX,2017,57393,39490
Unidas,HYUNDAI,HB20,2017,36235,39490
Unidas,CHEVROLET,ONIX,2017,55188,39490
Unidas,CHEVROLET,ONIX,2017,41697,39490
Unidas,CHEVROLET,ONIX,2017,45390,39490
Unidas,CHEVROLET,ONIX,2017,60007,39490
Unidas,FIAT,STRADA,2017,42312,39490
Unidas,CHEVROLET,ONIX,2017,58423,39490
Unidas,FIAT,STRADA,2017,38866,39490
Unidas,RENAULT,LOGAN,2018,54179,39490
Unidas,FIAT,STRADA,2017,46622,39490
Unidas,CHEVROLET,ONIX,2017,62190,39490
Unidas,RENAULT,LOGAN,2018,53899,39490
Unidas,NISSAN,VERSA,2017,38874,39490
Unidas,RENAULT,LOGAN,2018,49568,39490
Unidas,RENAULT,LOGAN,2018,40359,39490
Unidas,CHEVROLET,ONIX,2017,45390,39490
Unidas,RENAULT,LOGAN,2018,52810,39490
Unidas,CHEVROLET,ONIX,2017,40396,39490
Unidas,CHEVROLET,ONIX,2017,47500,39490
Unidas,RENAULT,LOGAN,2018,46896,39490
Unidas,CHEVROLET,ONIX,2017,50375,39490
Unidas,RENAULT,LOGAN,2018,41017,39490
Unidas,PEUGEOT,208,2017,29222,39490
Unidas,FIAT,STRADA,2017,47047,39490
Unidas,CHEVROLET,ONIX,2017,55174,39490
Unidas,FIAT,STRADA,2017,31704,39490
Unidas,RENAULT,LOGAN,2018,43782,39490
Unidas,CHEVROLET,ONIX,2017,44210,39490
Unidas,RENAULT,LOGAN,2018,42288,39490
Unidas,RENAULT,LOGAN,2018,54851,39490
Unidas,PEUGEOT,208,2017,38145,39490
Unidas,CHEVROLET,ONIX,2017,49372,39490
Unidas,RENAULT,LOGAN,2018,42547,39490
Unidas,RENAULT,LOGAN,2018,42834,39490
Unidas,FIAT,STRADA,2017,41958,39490
Unidas,CHEVROLET,ONIX,2017,56536,39490
Unidas,FIAT,STRADA,2017,33710,39490
Unidas,FIAT,STRADA,2017,40030,39490
Unidas,CHEVROLET,ONIX,2017,45783,39490
Unidas,CHEVROLET,ONIX,2017,54316,39490
Unidas,CHEVROLET,ONIX,2017,60663,39490
Unidas,RENAULT,LOGAN,2017,71396,39990
Unidas,VOLKSWAGEN,VOYAGE,2017,29235,39990
Unidas,VOLKSWAGEN,VOYAGE,2017,36536,39990
Unidas,CHEVROLET,ONIX,2017,39324,39990
Unidas,VOLKSWAGEN,VOYAGE,2017,39241,39990
Unidas,CHEVROLET,ONIX,2017,38307,39990
Unidas,CHEVROLET,ONIX,2017,38529,39990
Unidas,CHEVROLET,ONIX,2017,35583,39990
Unidas,VOLKSWAGEN,VOYAGE,2017,37132,39990
Unidas,RENAULT,LOGAN,2017,66646,39990
Unidas,CHEVROLET,ONIX,2017,36950,39990
Unidas,RENAULT,LOGAN,2017,61673,39990
Unidas,CHEVROLET,ONIX,2017,36300,39990
Unidas,VOLKSWAGEN,VOYAGE,2017,32408,39990
Unidas,VOLKSWAGEN,VOYAGE,2017,34508,39990
Unidas,VOLKSWAGEN,VOYAGE,2017,33130,39990
Unidas,RENAULT,LOGAN,2017,67578,39990
Unidas,NISSAN,VERSA,2016,63197,39990
Unidas,CHEVROLET,ONIX,2017,38999,39990
Unidas,CHEVROLET,ONIX,2017,36818,39990
Unidas,CHEVROLET,ONIX,2017,31010,39990
Unidas,CHEVROLET,ONIX,2017,39500,39990
Unidas,CHEVROLET,ONIX,2017,37381,39990
Unidas,CHEVROLET,ONIX,2017,34543,39990
Unidas,FIAT,STRADA,2017,14366,39990
Unidas,CHEVROLET,ONIX,2017,36175,39990
Unidas,CHEVROLET,ONIX,2017,38242,39990
Unidas,CHEVROLET,ONIX,2017,38783,39990
Unidas,FIAT,STRADA,2017,29744,39990
Unidas,RENAULT,LOGAN,2017,88049,39990
Unidas,CHEVROLET,ONIX,2017,34372,39990
Unidas,PEUGEOT,208,2017,33235,39990
Unidas,CHEVROLET,ONIX,2017,1000,39990
Unidas,CHEVROLET,ONIX,2017,31901,39990
Unidas,CHEVROLET,ONIX,2017,35951,39990
Unidas,CHEVROLET,ONIX,2017,34738,39990
Unidas,RENAULT,LOGAN,2018,30526,39990
Unidas,CHEVROLET,ONIX,2017,1000,39990
Unidas,RENAULT,LOGAN,2018,38622,39990
Unidas,RENAULT,LOGAN,2018,35929,39990
Unidas,RENAULT,LOGAN,2018,39565,39990
Unidas,NISSAN,VERSA,2016,64552,39990
Unidas,RENAULT,LOGAN,2018,29658,39990
Unidas,FIAT,STRADA,2017,23611,39990
Unidas,CHEVROLET,ONIX,2017,36724,39990
Unidas,CHEVROLET,ONIX,2017,37975,39990
Unidas,CHEVROLET,ONIX,2017,37947,39990
Unidas,RENAULT,SANDERO,2017,31363,40000
Unidas,RENAULT,SANDERO,2017,40615,40000
Unidas,RENAULT,SANDERO,2017,22863,40000
Unidas,RENAULT,SANDERO,2017,32684,40000
Unidas,RENAULT,LOGAN,2017,52593,40490
Unidas,TOYOTA,ETIOS,2018,50599,40490
Unidas,RENAULT,LOGAN,2017,49121,40490
Unidas,TOYOTA,ETIOS,2018,53406,40490
Unidas,RENAULT,KANGOO,2017,1000,40490
Unidas,RENAULT,LOGAN,2017,48426,40490
Unidas,RENAULT,LOGAN,2017,43050,40490
Unidas,RENAULT,LOGAN,2017,50320,40490
Unidas,RENAULT,LOGAN,2017,43099,40490
Unidas,TOYOTA,ETIOS,2018,52139,40490
Unidas,TOYOTA,ETIOS,2018,50695,40490
Unidas,NISSAN,VERSA,2016,40033,40490
Unidas,RENAULT,LOGAN,2017,51214,40490
Unidas,NISSAN,VERSA,2016,46562,40490
Unidas,RENAULT,LOGAN,2017,41303,40490
Unidas,RENAULT,LOGAN,2017,51761,40490
Unidas,RENAULT,KANGOO,2017,42726,40490
Unidas,CITROEN,C3,2018,49517,40490
Unidas,RENAULT,LOGAN,2017,42200,40490
Unidas,NISSAN,VERSA,2016,33665,40490
Unidas,VOLKSWAGEN,SAVEIRO,2018,42202,40490
Unidas,RENAULT,LOGAN,2017,47099,40490
Unidas,RENAULT,LOGAN,2017,55155,40490
Unidas,RENAULT,LOGAN,2017,50135,40490
Unidas,RENAULT,LOGAN,2017,56780,40490
Unidas,RENAULT,LOGAN,2017,40370,40490
Unidas,VOLKSWAGEN,SAVEIRO,2018,42312,40490
Unidas,RENAULT,LOGAN,2017,47883,40490
Unidas,RENAULT,LOGAN,2017,50413,40490
Unidas,TOYOTA,ETIOS,2018,52977,40490
Unidas,CITROEN,C3,2018,33064,40490
Unidas,TOYOTA,ETIOS,2018,51778,40490
Unidas,CITROEN,C3,2018,44124,40490
Unidas,TOYOTA,ETIOS,2018,57288,40490
Unidas,NISSAN,VERSA,2016,55747,40490
Unidas,TOYOTA,ETIOS,2018,55592,40490
Unidas,TOYOTA,ETIOS,2018,62285,40490
Unidas,TOYOTA,ETIOS,2018,50278,40490
Unidas,TOYOTA,ETIOS,2018,50984,40490
Unidas,TOYOTA,ETIOS,2018,62649,40490
Unidas,TOYOTA,ETIOS,2018,54939,40490
Unidas,TOYOTA,ETIOS,2018,55868,40490
Unidas,TOYOTA,ETIOS,2018,50458,40490
Unidas,CITROEN,C3,2018,30642,40490
Unidas,CITROEN,C3,2018,25063,40490
Unidas,TOYOTA,ETIOS,2018,51682,40490
Unidas,TOYOTA,ETIOS,2018,63025,40490
Unidas,TOYOTA,ETIOS,2018,52637,40490
Unidas,RENAULT,LOGAN,2017,54282,40490
Unidas,VOLKSWAGEN,SAVEIRO,2018,20562,40990
Unidas,CHEVROLET,ONIX,2018,40971,40990
Unidas,CHEVROLET,ONIX,2018,52665,40990
Unidas,TOYOTA,ETIOS,2018,43805,40990
Unidas,TOYOTA,ETIOS,2018,42432,40990
Unidas,TOYOTA,ETIOS,2018,48498,40990
Unidas,CHEVROLET,SPIN,2015,49417,40990
Unidas,CHEVROLET,ONIX,2018,43288,40990
Unidas,CHEVROLET,ONIX,2018,44813,40990
Unidas,RENAULT,LOGAN,2017,36588,40990
Unidas,TOYOTA,ETIOS,2018,46333,40990
Unidas,RENAULT,LOGAN,2017,34262,40990
Unidas,TOYOTA,ETIOS,2018,49717,40990
Unidas,CHEVROLET,ONIX,2018,42621,40990
Unidas,TOYOTA,ETIOS,2018,43646,40990
Unidas,TOYOTA,ETIOS,2018,44397,40990
Unidas,TOYOTA,ETIOS,2018,43020,40990
Unidas,TOYOTA,ETIOS,2018,43187,40990
Unidas,TOYOTA,ETIOS,2018,47541,40990
Unidas,TOYOTA,ETIOS,2018,41171,40990
Unidas,VOLKSWAGEN,SAVEIRO,2018,36194,40990
Unidas,TOYOTA,ETIOS,2018,49176,40990
Unidas,TOYOTA,ETIOS,2018,43295,40990
Unidas,VOLKSWAGEN,SAVEIRO,2018,27965,40990
Unidas,CHEVROLET,ONIX,2018,40158,40990
Unidas,TOYOTA,ETIOS,2018,48435,40990
Unidas,TOYOTA,ETIOS,2018,45927,40990
Unidas,RENAULT,LOGAN,2017,32033,40990
Unidas,NISSAN,VERSA,2016,54502,40990
Unidas,TOYOTA,ETIOS,2018,41038,40990
Unidas,RENAULT,LOGAN,2017,34157,40990
Unidas,VOLKSWAGEN,SAVEIRO,2018,35043,40990
Unidas,RENAULT,LOGAN,2017,34678,40990
Unidas,TOYOTA,ETIOS,2018,44752,40990
Unidas,RENAULT,LOGAN,2017,27942,40990
Unidas,TOYOTA,ETIOS,2018,44032,40990
Unidas,CHEVROLET,ONIX,2018,52171,40990
Unidas,RENAULT,LOGAN,2017,38014,40990
Unidas,RENAULT,LOGAN,2017,38694,40990
Unidas,TOYOTA,ETIOS,2018,42755,40990
Unidas,RENAULT,LOGAN,2017,38335,40990
Unidas,VOLKSWAGEN,SAVEIRO,2018,33008,40990
Unidas,CHEVROLET,ONIX,2018,50019,40990
Unidas,CHEVROLET,ONIX,2018,45527,40990
Unidas,RENAULT,LOGAN,2017,34870,40990
Unidas,TOYOTA,ETIOS,2018,42114,40990
Unidas,FORD,KA+,2018,60571,40990
Unidas,VOLKSWAGEN,SAVEIRO,2018,31260,40990
Unidas,TOYOTA,ETIOS,2018,40532,40990
Unidas,CHEVROLET,ONIX,2018,47087,40990
Unidas,RENAULT,KANGOO,2017,37766,40990
Unidas,TOYOTA,ETIOS,2018,43842,40990
Unidas,TOYOTA,ETIOS,2018,48975,40990
Unidas,TOYOTA,ETIOS,2018,48663,40990
Unidas,CHEVROLET,ONIX,2018,50533,40990
Unidas,TOYOTA,ETIOS,2018,43872,40990
Unidas,FIAT,STRADA,2016,85511,40990
Unidas,TOYOTA,ETIOS,2018,43470,40990
Unidas,RENAULT,LOGAN,2017,31279,40990
Unidas,RENAULT,LOGAN,2017,35199,40990
Unidas,FORD,KA+,2018,61030,40990
Unidas,RENAULT,LOGAN,2017,39918,40990
Unidas,FIAT,FIORINO,2017,37267,40990
Unidas,CHEVROLET,ONIX,2018,59395,40990
Unidas,VOLKSWAGEN,SAVEIRO,2018,35514,40990
Unidas,VOLKSWAGEN,SAVEIRO,2018,39276,40990
Unidas,TOYOTA,ETIOS,2018,42333,40990
Unidas,TOYOTA,ETIOS,2018,48345,40990
Unidas,CHEVROLET,ONIX,2018,40482,40990
Unidas,TOYOTA,ETIOS,2018,43374,40990
Unidas,CHEVROLET,ONIX,2018,40644,40990
Unidas,CHEVROLET,ONIX,2018,45728,40990
Unidas,TOYOTA,ETIOS,2018,45539,40990
Unidas,TOYOTA,ETIOS,2018,41895,40990
Unidas,RENAULT,LOGAN,2017,33750,40990
Unidas,CHEVROLET,ONIX,2018,41086,40990
Unidas,TOYOTA,ETIOS,2018,43521,40990
Unidas,TOYOTA,ETIOS,2018,47525,40990
Unidas,TOYOTA,ETIOS,2018,43259,40990
Unidas,VOLKSWAGEN,SAVEIRO,2018,36361,40990
Unidas,TOYOTA,ETIOS,2018,47894,40990
Unidas,TOYOTA,ETIOS,2018,44638,40990
Unidas,VOLKSWAGEN,SAVEIRO,2018,38900,40990
Unidas,TOYOTA,ETIOS,2018,43088,40990
Unidas,TOYOTA,ETIOS,2018,42429,40990
Unidas,TOYOTA,ETIOS,2018,46764,40990
Unidas,TOYOTA,ETIOS,2018,42087,40990
Unidas,TOYOTA,ETIOS,2018,45235,40990
Unidas,TOYOTA,ETIOS,2018,38450,41490
Unidas,TOYOTA,ETIOS,2018,38943,41490
Unidas,TOYOTA,ETIOS,2018,35224,41490
Unidas,TOYOTA,ETIOS,2018,33224,41490
Unidas,CHEVROLET,ONIX,2018,34454,41490
Unidas,FORD,KA+,2018,46066,41490
Unidas,FORD,KA+,2018,59121,41490
Unidas,TOYOTA,ETIOS,2018,31047,41490
Unidas,TOYOTA,ETIOS,2018,36081,41490
Unidas,TOYOTA,ETIOS,2018,37808,41490
Unidas,TOYOTA,ETIOS,2018,38356,41490
Unidas,TOYOTA,ETIOS,2018,38060,41490
Unidas,FORD,KA+,2018,50264,41490
Unidas,TOYOTA,ETIOS,2018,35881,41490
Unidas,CHEVROLET,ONIX,2018,34619,41490
Unidas,TOYOTA,ETIOS,2018,34555,41490
Unidas,FORD,KA+,2018,44041,41490
Unidas,FORD,KA+,2018,54152,41490
Unidas,TOYOTA,ETIOS,2018,38476,41490
Unidas,TOYOTA,ETIOS,2018,38078,41490
Unidas,TOYOTA,ETIOS,2018,33402,41490
Unidas,CHEVROLET,ONIX,2018,30775,41490
Unidas,FORD,KA+,2018,53282,41490
Unidas,FORD,KA+,2018,49447,41490
Unidas,CHEVROLET,ONIX,2018,38447,41490
Unidas,TOYOTA,ETIOS,2018,30718,41490
Unidas,TOYOTA,ETIOS,2018,30326,41490
Unidas,TOYOTA,ETIOS,2018,37486,41490
Unidas,TOYOTA,ETIOS,2018,39601,41490
Unidas,TOYOTA,ETIOS,2018,33977,41490
Unidas,TOYOTA,ETIOS,2018,34210,41490
Unidas,TOYOTA,ETIOS,2018,35059,41490
Unidas,TOYOTA,ETIOS,2018,34835,41490
Unidas,FORD,KA+,2018,43832,41490
Unidas,FORD,KA+,2017,57882,41490
Unidas,FORD,KA+,2017,51426,41490
Unidas,TOYOTA,ETIOS,2018,39172,41490
Unidas,TOYOTA,ETIOS,2018,36994,41490
Unidas,TOYOTA,ETIOS,2018,31690,41490
Unidas,TOYOTA,ETIOS,2018,27120,41490
Unidas,TOYOTA,ETIOS,2018,39239,41490
Unidas,TOYOTA,ETIOS,2018,38277,41490
Unidas,CHEVROLET,ONIX,2018,37043,41490
Unidas,TOYOTA,ETIOS,2018,1000,41490
Unidas,TOYOTA,ETIOS,2018,37827,41490
Unidas,FORD,KA+,2018,57687,41490
Unidas,TOYOTA,ETIOS,2018,33838,41490
Unidas,TOYOTA,ETIOS,2018,39164,41490
Unidas,TOYOTA,ETIOS,2018,38146,41490
Unidas,TOYOTA,ETIOS,2018,38985,41490
Unidas,FORD,KA+,2017,38746,41990
Unidas,FORD,KA+,2018,29190,41990
Unidas,FIAT,DOBLO,2015,100660,41990
Unidas,FORD,KA+,2018,27583,41990
Unidas,FORD,KA+,2018,30834,41990
Unidas,CHEVROLET,PRISMA,2016,121225,41990
Unidas,FORD,FIESTA,2015,44153,41990
Unidas,FORD,KA+,2017,34985,41990
Unidas,RENAULT,LOGAN,2017,90543,41990
Unidas,FORD,KA+,2018,39245,41990
Unidas,FORD,KA+,2018,32258,41990
Unidas,RENAULT,LOGAN,2017,61091,41990
Unidas,FORD,KA+,2018,21460,41990
Unidas,FORD,KA+,2018,14216,41990
Unidas,FORD,KA+,2018,31962,41990
Unidas,FORD,KA+,2018,30386,41990
Unidas,FORD,KA+,2018,38993,41990
Unidas,RENAULT,LOGAN,2017,43346,42490
Unidas,NISSAN,VERSA,2017,78571,42490
Unidas,RENAULT,LOGAN,2017,40365,42490
Unidas,RENAULT,LOGAN,2017,52218,42490
Unidas,RENAULT,LOGAN,2017,43833,42490
Unidas,VOLKSWAGEN,VOYAGE,2018,41764,42490
Unidas,RENAULT,LOGAN,2017,40034,42490
Unidas,VOLKSWAGEN,VOYAGE,2016,79242,42490
Unidas,VOLKSWAGEN,VOYAGE,2018,42352,42490
Unidas,VOLKSWAGEN,VOYAGE,2018,40809,42490
Unidas,RENAULT,LOGAN,2017,58812,42490
Unidas,PEUGEOT,208,2017,45296,42800
Unidas,RENAULT,LOGAN,2017,31081,42990
Unidas,VOLKSWAGEN,VOYAGE,2018,31390,42990
Unidas,VOLKSWAGEN,VOYAGE,2018,34737,42990
Unidas,RENAULT,LOGAN,2017,32700,42990
Unidas,RENAULT,LOGAN,2017,39296,42990
Unidas,RENAULT,LOGAN,2017,30604,42990
Unidas,VOLKSWAGEN,VOYAGE,2016,36992,42990
Unidas,VOLKSWAGEN,VOYAGE,2018,37793,42990
Unidas,RENAULT,LOGAN,2017,31705,42990
Unidas,VOLKSWAGEN,VOYAGE,2018,38106,42990
Unidas,VOLKSWAGEN,VOYAGE,2018,30349,42990
Unidas,VOLKSWAGEN,VOYAGE,2018,27732,42990
Unidas,VOLKSWAGEN,VOYAGE,2018,36680,42990
Unidas,HYUNDAI,HB20,2016,36185,42990
Unidas,RENAULT,LOGAN,2017,32538,42990
Unidas,RENAULT,LOGAN,2017,30550,42990
Unidas,RENAULT,LOGAN,2017,31262,42990
Unidas,VOLKSWAGEN,VOYAGE,2018,30976,42990
Unidas,FIAT,PUNTO,2016,94206,42990
Unidas,FORD,KA,2018,73609,42990
Unidas,VOLKSWAGEN,VOYAGE,2018,42016,42990
Unidas,FORD,KA,2018,41115,43490
Unidas,FORD,KA,2018,48436,43490
Unidas,FORD,KA,2018,41764,43490
Unidas,TOYOTA,ETIOS,2017,38129,43490
Unidas,FORD,KA,2018,42732,43490
Unidas,FORD,KA,2018,54807,43490
Unidas,FORD,KA,2018,43855,43490
Unidas,FORD,KA,2018,47127,43490
Unidas,FORD,KA,2018,42268,43490
Unidas,FORD,KA,2018,44127,43490
Unidas,FORD,KA,2018,42165,43490
Unidas,FORD,KA,2018,41158,43490
Unidas,FORD,KA,2018,43302,43490
Unidas,FORD,KA,2018,28546,43990
Unidas,FORD,KA,2018,30660,43990
Unidas,FIAT,DOBLO,2015,78951,43990
Unidas,FORD,KA,2018,32586,43990
Unidas,FORD,KA,2018,32202,43990
Unidas,FORD,KA,2018,27627,43990
Unidas,FORD,KA,2018,21651,43990
Unidas,TOYOTA,ETIOS,2017,34886,43990
Unidas,FORD,KA,2018,32424,43990
Unidas,FORD,KA,2018,37248,43990
Unidas,FORD,KA,2018,31051,43990
Unidas,FORD,KA,2018,30450,43990
Unidas,RENAULT,LOGAN,2017,37941,43990
Unidas,FORD,KA,2018,33900,43990
Unidas,FORD,KA,2018,33533,43990
Unidas,TOYOTA,ETIOS,2017,33438,43990
Unidas,FORD,KA,2018,35488,43990
Unidas,FORD,KA,2018,31318,43990
Unidas,FORD,KA,2018,28527,43990
Unidas,FORD,KA,2018,31357,43990
Unidas,FORD,KA,2018,32131,43990
Unidas,FORD,KA,2018,30648,43990
Unidas,FORD,KA,2018,26513,43990
Unidas,FORD,KA,2018,28990,43990
Unidas,FORD,KA,2018,39723,43990
Unidas,FORD,KA,2018,34772,43990
Unidas,FORD,KA,2018,36035,43990
Unidas,FORD,KA,2018,34199,43990
Unidas,FORD,KA,2018,27709,43990
Unidas,FORD,KA,2018,33885,43990
Unidas,FORD,KA,2018,35009,43990
Unidas,FORD,KA,2018,30954,43990
Unidas,FORD,KA,2018,33063,43990
Unidas,FORD,KA,2018,30119,43990
Unidas,FORD,KA,2018,26103,43990
Unidas,FORD,KA,2018,32983,43990
Unidas,RENAULT,SANDERO,2017,41234,44490
Unidas,RENAULT,SANDERO,2017,42125,44490
Unidas,TOYOTA,ETIOS,2017,51090,44490
Unidas,TOYOTA,ETIOS,2017,45837,44490
Unidas,RENAULT,SANDERO,2017,42631,44490
Unidas,RENAULT,SANDERO,2017,32489,44990
Unidas,RENAULT,SANDERO,2017,32601,44990
Unidas,RENAULT,SANDERO,2017,28475,44990
Unidas,TOYOTA,ETIOS,2017,32302,44990
Unidas,TOYOTA,ETIOS,2017,36104,44990
Unidas,TOYOTA,ETIOS,2017,39183,44990
Unidas,RENAULT,SANDERO,2017,37793,44990
Unidas,RENAULT,SANDERO,2017,35471,44990
Unidas,RENAULT,SANDERO,2017,20426,44990
Unidas,RENAULT,SANDERO,2017,32953,44990
Unidas,RENAULT,SANDERO,2017,34886,44990
Unidas,RENAULT,SANDERO,2017,37075,44990
Unidas,HYUNDAI,HB20,2017,43374,45490
Unidas,HYUNDAI,HB20,2017,43637,45490
Unidas,HYUNDAI,HB20,2017,40651,45490
Unidas,HYUNDAI,HB20,2017,43582,45490
Unidas,HYUNDAI,HB20,2017,42462,45490
Unidas,HYUNDAI,HB20,2017,41935,45490
Unidas,HYUNDAI,HB20,2017,40794,45490
Unidas,HYUNDAI,HB20,2017,45672,45490
Unidas,HYUNDAI,HB20,2017,57061,45490
Unidas,HYUNDAI,HB20,2017,43153,45490
Unidas,HYUNDAI,HB20,2017,41092,45490
Unidas,HYUNDAI,HB20,2017,42979,45490
Unidas,HYUNDAI,HB20,2017,49706,45490
Unidas,HYUNDAI,HB20,2017,43599,45490
Unidas,FORD,KA,2018,41533,45490
Unidas,FORD,KA,2018,40262,45490
Unidas,HYUNDAI,HB20,2017,40179,45490
Unidas,HYUNDAI,HB20,2017,40060,45490
Unidas,HYUNDAI,HB20,2017,44677,45490
Unidas,HYUNDAI,HB20,2017,42378,45490
Unidas,HYUNDAI,HB20,2017,44367,45490
Unidas,HYUNDAI,HB20,2017,40157,45490
Unidas,HYUNDAI,HB20,2017,34730,45990
Unidas,HYUNDAI,HB20,2017,36917,45990
Unidas,FORD,KA,2018,37194,45990
Unidas,HYUNDAI,HB20,2017,39234,45990
Unidas,HYUNDAI,HB20,2017,29967,45990
Unidas,HYUNDAI,HB20,2017,30743,45990
Unidas,HYUNDAI,HB20,2017,36185,45990
Unidas,FORD,KA,2018,33815,45990
Unidas,FORD,KA,2018,30125,45990
Unidas,HYUNDAI,HB20,2017,32166,45990
Unidas,HYUNDAI,HB20,2017,29524,45990
Unidas,HYUNDAI,HB20,2017,28710,45990
Unidas,FORD,KA,2018,33585,45990
Unidas,HYUNDAI,HB20,2017,34905,45990
Unidas,HYUNDAI,HB20,2017,37992,45990
Unidas,HYUNDAI,HB20,2017,33115,45990
Unidas,HYUNDAI,HB20,2017,34838,45990
Unidas,HYUNDAI,HB20,2017,37693,45990
Unidas,HYUNDAI,HB20,2017,27085,45990
Unidas,HYUNDAI,HB20,2017,34996,45990
Unidas,HYUNDAI,HB20,2017,37039,45990
Unidas,HYUNDAI,HB20,2017,31639,45990
Unidas,TOYOTA,ETIOS,2018,48820,46490
Unidas,TOYOTA,ETIOS,2018,57565,46490
Unidas,TOYOTA,ETIOS,2018,42944,46490
Unidas,TOYOTA,ETIOS,2018,55833,46490
Unidas,TOYOTA,ETIOS,2018,40025,46490
Unidas,TOYOTA,ETIOS,2018,45607,46490
Unidas,TOYOTA,ETIOS,2018,44047,46490
Unidas,TOYOTA,ETIOS,2018,41418,46490
Unidas,TOYOTA,ETIOS,2018,41446,46490
Unidas,TOYOTA,ETIOS,2018,49470,46490
Unidas,TOYOTA,ETIOS,2018,45548,46490
Unidas,TOYOTA,ETIOS,2018,45903,46490
Unidas,RENAULT,LOGAN,2018,43686,46490
Unidas,TOYOTA,ETIOS,2018,48821,46490
Unidas,TOYOTA,ETIOS,2018,42290,46490
Unidas,TOYOTA,ETIOS,2018,41016,46490
Unidas,TOYOTA,ETIOS,2018,46905,46490
Unidas,TOYOTA,ETIOS,2018,47739,46490
Unidas,TOYOTA,ETIOS,2018,55094,46490
Unidas,TOYOTA,ETIOS,2018,36707,46990
Unidas,RENAULT,LOGAN,2018,32941,46990
Unidas,TOYOTA,ETIOS,2018,28389,46990
Unidas,TOYOTA,ETIOS,2018,37039,46990
Unidas,TOYOTA,ETIOS,2018,39383,46990
Unidas,TOYOTA,ETIOS,2018,26019,46990
Unidas,RENAULT,LOGAN,2018,33038,46990
Unidas,TOYOTA,ETIOS,2018,30080,46990
Unidas,TOYOTA,ETIOS,2018,30780,46990
Unidas,TOYOTA,ETIOS,2018,37584,46990
Unidas,TOYOTA,ETIOS,2018,35359,46990
Unidas,TOYOTA,ETIOS,2018,35189,46990
Unidas,TOYOTA,ETIOS,2018,34961,46990
Unidas,TOYOTA,ETIOS,2018,38297,46990
Unidas,RENAULT,LOGAN,2018,16234,46990
Unidas,TOYOTA,ETIOS,2018,34947,46990
Unidas,RENAULT,LOGAN,2018,36772,46990
Unidas,TOYOTA,ETIOS,2018,30666,46990
Unidas,TOYOTA,ETIOS,2017,61321,46990
Unidas,TOYOTA,ETIOS,2018,25734,46990
Unidas,TOYOTA,ETIOS,2018,32104,46990
Unidas,RENAULT,LOGAN,2018,18229,46990
Unidas,RENAULT,LOGAN,2018,32674,46990
Unidas,TOYOTA,ETIOS,2018,34994,46990
Unidas,TOYOTA,ETIOS,2018,39295,46990
Unidas,TOYOTA,ETIOS,2018,26179,46990
Unidas,TOYOTA,ETIOS,2018,33287,46990
Unidas,TOYOTA,ETIOS,2018,36701,46990
Unidas,TOYOTA,ETIOS,2018,37229,46990
Unidas,RENAULT,LOGAN,2018,29420,46990
Unidas,TOYOTA,ETIOS,2018,37499,46990
Unidas,TOYOTA,ETIOS,2018,33549,46990
Unidas,RENAULT,LOGAN,2018,13804,46990
Unidas,RENAULT,LOGAN,2018,25503,46990
Unidas,RENAULT,LOGAN,2018,4402,46990
Unidas,TOYOTA,ETIOS,2017,49524,47490
Unidas,TOYOTA,ETIOS,2017,46194,47490
Unidas,RENAULT,FLUENCE,2015,34604,47990
Unidas,CHEVROLET,CRUZE,2014,127592,47990
Unidas,CHEVROLET,CRUZE,2014,104194,47990
Unidas,CHEVROLET,PRISMA,2017,55625,48990
Unidas,CHEVROLET,PRISMA,2017,41519,48990
Unidas,CHEVROLET,PRISMA,2017,51163,48990
Unidas,CHEVROLET,PRISMA,2017,49111,48990
Unidas,CHEVROLET,PRISMA,2017,51476,48990
Unidas,CHEVROLET,PRISMA,2017,45130,48990
Unidas,CHEVROLET,PRISMA,2017,57052,48990
Unidas,CHEVROLET,PRISMA,2017,56369,48990
Unidas,CHEVROLET,PRISMA,2017,41314,48990
Unidas,CHEVROLET,PRISMA,2017,40024,48990
Unidas,CHEVROLET,PRISMA,2017,43721,48990
Unidas,CHEVROLET,PRISMA,2017,43041,48990
Unidas,CHEVROLET,PRISMA,2017,42935,48990
Unidas,HYUNDAI,HB20S,2017,44495,49490
Unidas,HYUNDAI,HB20S,2017,41577,49490
Unidas,CHEVROLET,PRISMA,2017,38371,49490
Unidas,HYUNDAI,HB20S,2017,47124,49490
Unidas,TOYOTA,ETIOS,2018,40979,49490
Unidas,CHEVROLET,PRISMA,2017,38385,49490
Unidas,CHEVROLET,PRISMA,2017,31066,49490
Unidas,HYUNDAI,HB20S,2017,42118,49490
Unidas,HYUNDAI,HB20S,2017,49084,49490
Unidas,CHEVROLET,PRISMA,2017,32391,49490
Unidas,HYUNDAI,HB20S,2017,45284,49490
Unidas,HYUNDAI,HB20S,2017,44900,49490
Unidas,TOYOTA,ETIOS,2018,41140,49490
Unidas,CHEVROLET,PRISMA,2017,39222,49490
Unidas,CHEVROLET,PRISMA,2017,39387,49490
Unidas,CHEVROLET,PRISMA,2017,39504,49490
Unidas,HYUNDAI,HB20S,2017,41767,49490
Unidas,TOYOTA,ETIOS,2018,50510,49490
Unidas,HYUNDAI,HB20S,2017,45498,49490
Unidas,CHEVROLET,PRISMA,2017,33327,49490
Unidas,CHEVROLET,PRISMA,2017,35434,49490
Unidas,CHEVROLET,PRISMA,2017,35684,49490
Unidas,CHEVROLET,PRISMA,2017,37638,49490
Unidas,HYUNDAI,HB20S,2017,43151,49490
Unidas,HYUNDAI,HB20S,2017,46943,49490
Unidas,HYUNDAI,HB20S,2017,41450,49490
Unidas,TOYOTA,ETIOS,2018,41594,49490
Unidas,HYUNDAI,HB20S,2017,32966,49990
Unidas,HYUNDAI,HB20S,2017,38827,49990
Unidas,TOYOTA,ETIOS,2018,1000,49990
Unidas,HYUNDAI,HB20S,2017,36955,49990
Unidas,HYUNDAI,HB20,2017,31622,49990
Unidas,TOYOTA,ETIOS,2018,34456,49990
Unidas,TOYOTA,ETIOS,2018,33631,49990
Unidas,HYUNDAI,HB20S,2017,39167,49990
Unidas,TOYOTA,ETIOS,2018,34890,49990
Unidas,HYUNDAI,HB20S,2017,35685,49990
Unidas,HYUNDAI,HB20S,2017,35403,49990
Unidas,TOYOTA,ETIOS,2018,34034,49990
Unidas,TOYOTA,ETIOS,2018,39566,49990
Unidas,TOYOTA,ETIOS,2018,25777,49990
Unidas,HYUNDAI,HB20S,2017,34648,49990
Unidas,HYUNDAI,HB20S,2017,32514,49990
Unidas,HYUNDAI,HB20S,2017,37971,49990
Unidas,CITROEN,C4LOUNGE,2015,138999,49990
Unidas,HYUNDAI,HB20S,2017,34603,49990
Unidas,HYUNDAI,HB20S,2017,39683,49990
Unidas,HYUNDAI,HB20S,2017,35071,49990
Unidas,TOYOTA,ETIOS,2018,34414,49990
Unidas,TOYOTA,ETIOS,2018,38531,49990
Unidas,CITROEN,C4LOUNGE,2015,40602,50490
Unidas,NISSAN,VERSA,2017,40952,50990
Unidas,NISSAN,VERSA,2017,45266,51490
Unidas,NISSAN,VERSA,2017,45281,51490
Unidas,NISSAN,VERSA,2017,43653,51490
Unidas,NISSAN,VERSA,2017,52458,51490
Unidas,NISSAN,VERSA,2017,48023,51490
Unidas,FORD,FOCUS,2015,83705,51990
Unidas,FIAT,DOBLO,2016,65894,51990
Unidas,FIAT,FIORINO,2017,55328,51990
Unidas,RENAULT,FLUENCE,2014,59332,51990
Unidas,FIAT,FIORINO,2017,55463,51990
Unidas,CHEVROLET,COBALT,2016,48956,51990
Unidas,FIAT,FIORINO,2017,61744,51990
Unidas,FIAT,DOBLO,2016,70629,51990
Unidas,FIAT,FIORINO,2017,59564,51990
Unidas,FIAT,DOBLO,2016,64543,51990
Unidas,FIAT,DOBLO,2016,64194,51990
Unidas,FIAT,DOBLO,2016,82599,51990
Unidas,FIAT,DOBLO,2016,41602,52490
Unidas,FIAT,FIORINO,2017,44201,52490
Unidas,FIAT,DOBLO,2016,54043,52490
Unidas,FIAT,DOBLO,2016,59996,52490
Unidas,FIAT,FIORINO,2017,40125,52490
Unidas,FIAT,FIORINO,2017,42655,52490
Unidas,FIAT,DOBLO,2016,45291,52490
Unidas,FIAT,DOBLO,2016,52238,52490
Unidas,FIAT,DOBLO,2016,40517,52490
Unidas,FIAT,DOBLO,2016,45087,52490
Unidas,FIAT,FIORINO,2017,20819,52990
Unidas,FIAT,FIORINO,2017,26281,52990
Unidas,FORD,FOCUS,2015,82680,52990
Unidas,FIAT,DOBLO,2016,35185,52990
Unidas,FIAT,FIORINO,2017,36904,52990
Unidas,FIAT,FIORINO,2017,31496,52990
Unidas,FIAT,FIORINO,2017,39877,52990
Unidas,RENAULT,FLUENCE,2015,43177,52990
Unidas,FIAT,DOBLO,2016,35010,52990
Unidas,FIAT,DOBLO,2016,37687,52990
Unidas,FIAT,DOBLO,2016,35570,52990
Unidas,FIAT,DOBLO,2016,38874,52990
Unidas,FORD,FOCUS,2015,78403,53490
Unidas,NISSAN,SENTRA,2015,19659,53800
Unidas,HYUNDAI,HB20,2016,34715,53990
Unidas,HYUNDAI,HB20S,2017,65889,53990
Unidas,FORD,FOCUS,2015,59947,53990
Unidas,NISSAN,SENTRA,2015,97496,53990
Unidas,HYUNDAI,HB20S,2017,29459,53990
Unidas,RENAULT,DUSTER,2017,68495,54490
Unidas,RENAULT,DUSTER,2017,18002,54990
Unidas,RENAULT,DUSTER,2017,51394,54990
Unidas,RENAULT,FLUENCE,2016,42835,54990
Unidas,NISSAN,SENTRA,2016,47666,55000
Unidas,CHEVROLET,SPIN,2017,52238,56000
Unidas,NISSAN,VERSA,2017,36290,56990
Unidas,RENAULT,DUSTER,2018,50849,58990
Unidas,CHEVROLET,SPIN,2017,71897,58990
Unidas,FORD,ECOSPORT,2017,31214,58990
Unidas,FORD,ECOSPORT,2017,31879,58990
Unidas,RENAULT,DUSTER,2018,40040,59490
Unidas,RENAULT,DUSTER,2018,30029,59490
Unidas,RENAULT,DUSTER,2018,31672,59490
Unidas,CHEVROLET,SPIN,2017,51956,59490
Unidas,CHEVROLET,SPIN,2017,47600,59490
Unidas,CHEVROLET,SPIN,2017,47390,59490
Unidas,CHEVROLET,SPIN,2017,50691,59490
Unidas,CHEVROLET,SPIN,2017,41504,59490
Unidas,CHEVROLET,SPIN,2017,40403,59490
Unidas,RENAULT,DUSTER,2018,31670,59490
Unidas,CHEVROLET,SPIN,2017,40446,59490
Unidas,RENAULT,DUSTER,2018,36809,59490
Unidas,RENAULT,DUSTER,2018,35909,59490
Unidas,RENAULT,DUSTER,2018,26752,59490
Unidas,CHEVROLET,SPIN,2017,42563,59490
Unidas,CHEVROLET,SPIN,2017,48093,59490
Unidas,CHEVROLET,SPIN,2017,49683,59490
Unidas,CHEVROLET,SPIN,2017,40103,59490
Unidas,CHEVROLET,SPIN,2017,49695,59490
Unidas,RENAULT,DUSTER,2018,36090,59490
Unidas,RENAULT,DUSTER,2018,33135,59490
Unidas,RENAULT,DUSTER,2018,45422,59490
Unidas,RENAULT,DUSTER,2018,46323,59490
Unidas,CHEVROLET,SPIN,2017,47096,59490
Unidas,CHEVROLET,SPIN,2017,58074,59490
Unidas,CHEVROLET,SPIN,2017,44302,59490
Unidas,CHEVROLET,SPIN,2017,41673,59490
Unidas,CHEVROLET,SPIN,2017,51996,59490
Unidas,CHEVROLET,SPIN,2017,49461,59490
Unidas,CHEVROLET,SPIN,2017,48578,59490
Unidas,CHEVROLET,SPIN,2017,56261,59490
Unidas,RENAULT,DUSTER,2018,39171,59490
Unidas,CHEVROLET,SPIN,2017,44479,59490
Unidas,CHEVROLET,SPIN,2017,41725,59490
Unidas,CHEVROLET,SPIN,2017,40617,59490
Unidas,CHEVROLET,SPIN,2017,46624,59490
Unidas,RENAULT,DUSTER,2018,48426,59490
Unidas,RENAULT,DUSTER,2018,34333,59490
Unidas,CHEVROLET,SPIN,2017,42411,59490
Unidas,CHEVROLET,SPIN,2017,45347,59490
Unidas,CHEVROLET,SPIN,2017,43337,59490
Unidas,CHEVROLET,SPIN,2017,45485,59490
Unidas,RENAULT,DUSTER,2018,44840,59490
Unidas,CHEVROLET,SPIN,2017,44790,59490
Unidas,CHEVROLET,SPIN,2017,43348,59490
Unidas,CHEVROLET,SPIN,2017,1000,59490
Unidas,CHEVROLET,SPIN,2017,40210,59490
Unidas,CHEVROLET,SPIN,2017,44257,59490
Unidas,CHEVROLET,SPIN,2017,38203,59990
Unidas,CHEVROLET,SPIN,2017,37046,59990
Unidas,CHEVROLET,SPIN,2017,35192,59990
Unidas,RENAULT,FLUENCE,2015,59372,59990
Unidas,CHEVROLET,SPIN,2017,32250,59990
Unidas,CHEVROLET,SPIN,2017,36933,59990
Unidas,CHEVROLET,SPIN,2017,35154,59990
Unidas,CHEVROLET,SPIN,2017,39179,59990
Unidas,CHEVROLET,SPIN,2017,30122,59990
Unidas,FORD,ECOSPORT,2016,61930,59990
Unidas,CHEVROLET,SPIN,2017,34726,59990
Unidas,CHEVROLET,SPIN,2017,37783,59990
Unidas,CHEVROLET,SPIN,2017,37314,59990
Unidas,CHEVROLET,SPIN,2017,1000,59990
Unidas,CHEVROLET,SPIN,2017,31578,59990
Unidas,CHEVROLET,SPIN,2017,35047,59990
Unidas,CHEVROLET,SPIN,2017,34527,59990
Unidas,CHEVROLET,SPIN,2017,35275,59990
Unidas,CHEVROLET,SPIN,2017,39482,59990
Unidas,CHEVROLET,SPIN,2017,27048,59990
Unidas,CHEVROLET,SPIN,2017,33870,59990
Unidas,CHEVROLET,SPIN,2017,36651,59990
Unidas,HYUNDAI,HB20S,2017,43877,59990
Unidas,CHEVROLET,SPIN,2017,44798,60490
Unidas,CHEVROLET,SPIN,2017,42214,60490
Unidas,CHEVROLET,SPIN,2017,44803,60490
Unidas,CHEVROLET,SPIN,2017,40215,60490
Unidas,CHEVROLET,SPIN,2017,43828,60490
Unidas,CHEVROLET,SPIN,2017,44005,60490
Unidas,CHEVROLET,SPIN,2017,37760,60990
Unidas,CHEVROLET,SPIN,2017,34341,60990
Unidas,CHEVROLET,SPIN,2017,21806,60990
Unidas,CHEVROLET,SPIN,2017,32020,60990
Unidas,CHEVROLET,SPIN,2017,31968,60990
Unidas,NISSAN,SENTRA,2016,41361,61490
Unidas,JEEP,RENEGADE,2016,48526,61490
Unidas,NISSAN,SENTRA,2016,40610,61490
Unidas,NISSAN,SENTRA,2016,40505,61490
Unidas,JEEP,RENEGADE,2016,56290,61490
Unidas,NISSAN,SENTRA,2016,49095,61490
Unidas,JEEP,RENEGADE,2016,39708,61990
Unidas,NISSAN,SENTRA,2016,34602,61990
Unidas,NISSAN,SENTRA,2016,39635,61990
Unidas,NISSAN,SENTRA,2016,38653,61990
Unidas,JEEP,RENEGADE,2016,35237,61990
Unidas,NISSAN,SENTRA,2016,36316,61990
Unidas,NISSAN,SENTRA,2016,37391,61990
Unidas,NISSAN,SENTRA,2016,29353,61990
Unidas,NISSAN,SENTRA,2016,30078,61990
Unidas,NISSAN,SENTRA,2016,1000,61990
Unidas,JEEP,RENEGADE,2016,30850,61990
Unidas,JEEP,RENEGADE,2016,29290,61990
Unidas,NISSAN,SENTRA,2016,38711,61990
Unidas,NISSAN,SENTRA,2016,34364,61990
Unidas,JEEP,RENEGADE,2016,32716,61990
Unidas,VOLKSWAGEN,GOLF,2015,94056,62990
Unidas,RENAULT,DUSTER,2017,36708,62990
Unidas,KIA,SORENTO,2012,47579,63990
Unidas,VOLKSWAGEN,JETTA,2014,139131,64490
Unidas,FIAT,DOBLO,2017,60200,64990
Unidas,FIAT,DOBLO,2017,67027,64990
Unidas,FIAT,DOBLO,2017,49602,65490
Unidas,FIAT,DOBLO,2017,42427,65490
Unidas,FIAT,DOBLO,2017,44277,65490
Unidas,FIAT,DOBLO,2017,46463,65490
Unidas,FIAT,DOBLO,2017,49658,65490
Unidas,FIAT,DOBLO,2017,43141,65490
Unidas,FIAT,DOBLO,2017,47063,65490
Unidas,FIAT,DOBLO,2017,42617,65490
Unidas,FIAT,DOBLO,2017,37260,65990
Unidas,FIAT,DOBLO,2017,37181,65990
Unidas,FIAT,DOBLO,2017,33963,65990
Unidas,FIAT,DOBLO,2017,28225,65990
Unidas,FIAT,DOBLO,2017,39076,65990
Unidas,FIAT,DOBLO,2017,39621,65990
Unidas,RENAULT,FLUENCE,2016,62435,65990
Unidas,JEEP,RENEGADE,2017,43810,66490
Unidas,JEEP,RENEGADE,2017,42000,66490
Unidas,JEEP,RENEGADE,2017,46024,66490
Unidas,JEEP,RENEGADE,2017,53517,66490
Unidas,VOLKSWAGEN,JETTA,2014,85358,66990
Unidas,JEEP,RENEGADE,2017,38600,66990
Unidas,JEEP,RENEGADE,2017,33476,66990
Unidas,JEEP,RENEGADE,2017,39668,66990
Unidas,JEEP,RENEGADE,2017,26138,66990
Unidas,JEEP,RENEGADE,2016,81986,66990
Unidas,JEEP,RENEGADE,2017,36181,66990
Unidas,JEEP,RENEGADE,2017,31770,66990
Unidas,JEEP,RENEGADE,2017,36884,66990
Unidas,NISSAN,SENTRA,2017,37184,66990
Unidas,NISSAN,SENTRA,2017,31816,66990
Unidas,MITSUBISHI,ASX,2015,49176,69990
Unidas,FORD,FUSION,2014,119066,70990
Unidas,CHEVROLET,S10,2015,103981,71990
Unidas,CHEVROLET,S10,2015,131877,71990
Unidas,TOYOTA,COROLLA,2015,85707,72990
Unidas,TOYOTA,COROLLA,2017,30799,73990
Unidas,TOYOTA,COROLLA,2017,33250,73990
Unidas,TOYOTA,COROLLA,2017,48115,73990
Unidas,TOYOTA,COROLLA,2017,54451,73990
Unidas,TOYOTA,COROLLA,2017,43509,73990
Unidas,FIAT,TORO,2018,41142,76490
Unidas,FIAT,TORO,2018,44412,76490
Unidas,FIAT,TORO,2018,46547,76490
Unidas,FIAT,TORO,2018,39357,76990
Unidas,FIAT,TORO,2018,30972,76990
Unidas,FIAT,TORO,2018,33162,76990
Unidas,FIAT,TORO,2018,38170,76990
Unidas,FIAT,TORO,2018,32303,76990
Unidas,FIAT,TORO,2018,25792,76990
Unidas,NISSAN,FRONTIER,2015,64140,77990
Unidas,NISSAN,KICKS,2017,44681,78000
Unidas,TOYOTA,HILUX,2015,61003,78990
Unidas,VOLKSWAGEN,TIGUAN,2013,123404,79990
Unidas,NISSAN,KICKS,2017,66176,81990
Unidas,NISSAN,KICKS,2017,61517,81990
Unidas,NISSAN,KICKS,2017,63335,81990
Unidas,NISSAN,KICKS,2017,73999,81990
Unidas,NISSAN,KICKS,2017,54232,82490
Unidas,NISSAN,KICKS,2017,50181,82490
Unidas,NISSAN,KICKS,2017,41424,82490
Unidas,NISSAN,KICKS,2017,44226,82490
Unidas,NISSAN,KICKS,2017,40704,82490
Unidas,NISSAN,KICKS,2017,56761,82490
Unidas,NISSAN,KICKS,2017,59595,82490
Unidas,NISSAN,KICKS,2017,46938,82490
Unidas,NISSAN,KICKS,2017,45787,82490
Unidas,NISSAN,KICKS,2017,40208,82490
Unidas,NISSAN,KICKS,2017,49095,82490
Unidas,NISSAN,KICKS,2017,44624,82490
Unidas,NISSAN,KICKS,2017,51802,82490
Unidas,NISSAN,KICKS,2017,47337,82490
Unidas,NISSAN,KICKS,2017,44170,82490
Unidas,NISSAN,KICKS,2017,42885,82490
Unidas,NISSAN,KICKS,2017,42353,82490
Unidas,NISSAN,KICKS,2017,47446,82490
Unidas,NISSAN,KICKS,2017,44734,82490
Unidas,NISSAN,KICKS,2017,42417,82490
Unidas,NISSAN,KICKS,2017,40522,82490
Unidas,NISSAN,KICKS,2017,34402,82990
Unidas,NISSAN,KICKS,2017,35895,82990
Unidas,NISSAN,KICKS,2017,32802,82990
Unidas,NISSAN,KICKS,2017,37139,82990
Unidas,NISSAN,KICKS,2017,35751,82990
Unidas,NISSAN,KICKS,2017,37363,82990
Unidas,NISSAN,KICKS,2017,35673,82990
Unidas,NISSAN,KICKS,2017,28689,82990
Unidas,NISSAN,KICKS,2017,38285,82990
Unidas,NISSAN,KICKS,2017,34455,82990
Unidas,NISSAN,KICKS,2017,31056,82990
Unidas,NISSAN,KICKS,2017,38063,82990
Unidas,NISSAN,FRONTIER,2016,65605,83990
Unidas,NISSAN,FRONTIER,2016,45251,84490
Unidas,NISSAN,FRONTIER,2016,53540,84490
Unidas,NISSAN,FRONTIER,2016,55115,84490
Unidas,NISSAN,FRONTIER,2016,57177,84490
Unidas,NISSAN,FRONTIER,2016,55607,84490
Unidas,NISSAN,FRONTIER,2016,42958,84490
Unidas,NISSAN,FRONTIER,2016,49851,84490
Unidas,NISSAN,FRONTIER,2016,44999,84490
Unidas,NISSAN,FRONTIER,2016,48846,84490
Unidas,NISSAN,FRONTIER,2016,45833,84490
Unidas,NISSAN,FRONTIER,2016,45391,84490
Unidas,NISSAN,FRONTIER,2016,41077,84490
Unidas,NISSAN,FRONTIER,2016,42695,84490
Unidas,NISSAN,FRONTIER,2016,42543,84490
Unidas,NISSAN,FRONTIER,2016,45100,84490
Unidas,NISSAN,FRONTIER,2016,43010,84490
Unidas,NISSAN,FRONTIER,2016,42358,84490
Unidas,NISSAN,FRONTIER,2016,44773,84490
Unidas,NISSAN,FRONTIER,2016,41527,84490
Unidas,NISSAN,FRONTIER,2016,44011,84490
Unidas,NISSAN,FRONTIER,2016,32043,84990
Unidas,NISSAN,FRONTIER,2016,35041,84990
Unidas,NISSAN,FRONTIER,2016,32016,84990
Unidas,NISSAN,FRONTIER,2016,36266,84990
Unidas,NISSAN,FRONTIER,2016,33279,84990
Unidas,NISSAN,FRONTIER,2016,38739,84990
Unidas,NISSAN,FRONTIER,2016,33036,84990
Unidas,NISSAN,FRONTIER,2016,33596,84990
Unidas,NISSAN,FRONTIER,2016,30930,84990
Unidas,NISSAN,FRONTIER,2016,36943,84990
Unidas,TOYOTA,COROLLA,2017,31623,84990
Unidas,TOYOTA,COROLLA,2017,61477,84990
Unidas,TOYOTA,COROLLA,2017,53120,84990
Unidas,NISSAN,FRONTIER,2016,32064,84990
Unidas,NISSAN,FRONTIER,2016,35871,84990
Unidas,NISSAN,FRONTIER,2016,30125,84990
Unidas,NISSAN,FRONTIER,2016,23232,84990
Unidas,NISSAN,FRONTIER,2016,38952,84990
Unidas,NISSAN,FRONTIER,2016,31436,84990
Unidas,FORD,RANGER,2016,39622,85990
Unidas,VOLKSWAGEN,AMAROK,2016,86590,86990
Unidas,VOLKSWAGEN,AMAROK,2016,61145,86990
Unidas,VOLKSWAGEN,AMAROK,2016,67339,86990
Unidas,FORD,FUSION,2016,69893,89990
Unidas,VOLKSWAGEN,TIGUAN,2015,35648,90990
Unidas,MERCEDES-BENZ,C200,2013,51550,91990
Unidas,MITSUBISHI,OUTLANDER,2015,152186,95990
Unidas,TOYOTA,RAV4,2015,56774,96990
Unidas,NISSAN,FRONTIER,2016,66881,100490
Unidas,NISSAN,FRONTIER,2016,42125,100990
Unidas,HONDA,ACCORD,2015,51753,102990
Unidas,VOLVO,XC60,2015,57807,104990
Unidas,KIA,SORENTO,2015,91199,106990
Unidas,AUDI,A5,2015,45816,107490
Unidas,AUDI,A5,2015,27756,107990
Unidas,AUDI,A5,2015,35252,107990
Unidas,FORD,FUSION,2016,34848,107990
Unidas,CHEVROLET,S10,2018,43905,114490
Unidas,CHEVROLET,S10,2018,56545,114490
Unidas,CHEVROLET,S10,2018,50899,114490
Unidas,CHEVROLET,S10,2018,41883,114490
Unidas,CHEVROLET,S10,2018,34588,114990
Unidas,AUDI,A4,2017,30425,127490
Unidas,AUDI,A4,2017,17160,127490
Unidas,AUDI,A4,2017,22625,128990
Unidas,AUDI,A4,2017,28585,128990
Unidas,AUDI,A4,2017,19776,128990
Unidas,AUDI,A4,2017,29063,128990
Unidas,AUDI,A4,2017,21837,128990
Unidas,AUDI,A4,2017,19090,128990
Unidas,AUDI,A4,2017,20168,128990
Unidas,AUDI,A4,2017,11497,128990
Unidas,AUDI,A4,2017,11792,128990
Unidas,AUDI,A4,2017,22004,128990
Unidas,HYUNDAI,SANTAFE,2016,70498,135990
