Locamerica,CHEVROLET,CELTA,2014,36785,18490
Locamerica,CHEVROLET,CELTA,2014,51610,18490
Locamerica,CHEVROLET,CELTA,2014,53303,18490
Locamerica,CHEVROLET,CELTA,2014,40297,18490
Locamerica,VOLKSWAGEN,GOL,2014,85903,20490
Locamerica,FIAT,UNO,2014,73267,20990
Locamerica,FIAT,UNO,2014,73267,20990
Locamerica,FIAT,UNO,2014,73267,20990
Locamerica,FIAT,UNO,2014,86636,20990
Locamerica,FIAT,UNO,2014,86636,20990
Locamerica,FIAT,UNO,2014,77634,20990
Locamerica,VOLKSWAGEN,GOL,2015,73197,21490
Locamerica,VOLKSWAGEN,GOL,2015,73248,21490
Locamerica,VOLKSWAGEN,GOL,2015,73197,21490
Locamerica,VOLKSWAGEN,GOL,2015,73326,21490
Locamerica,VOLKSWAGEN,GOL,2015,88018,21490
Locamerica,VOLKSWAGEN,GOL,2015,48850,21990
Locamerica,CHEVROLET,CLASSIC,2014,44908,21990
Locamerica,FIAT,UNO,2015,82300,22490
Locamerica,FIAT,UNO,2015,95950,22490
Locamerica,FIAT,UNO,2015,95237,22490
Locamerica,FIAT,UNO,2015,70727,22490
Locamerica,FIAT,UNO,2015,75379,22490
Locamerica,FIAT,PALIO,2016,57343,22990
Locamerica,FIAT,PALIO,2016,57377,22990
Locamerica,FIAT,PALIO,2016,82710,22990
Locamerica,FIAT,PALIO,2016,42138,22990
Locamerica,FIAT,PALIO,2016,58167,22990
Locamerica,CHEVROLET,CELTA,2014,85840,22990
Locamerica,FIAT,PALIO,2016,42074,22990
Locamerica,CHEVROLET,CELTA,2014,76166,22990
Locamerica,FIAT,PALIO,2016,57349,22990
Locamerica,CHEVROLET,CELTA,2014,61211,22990
Locamerica,CHEVROLET,CELTA,2014,61211,22990
Locamerica,FIAT,PALIO,2016,54000,22990
Locamerica,CHEVROLET,CELTA,2014,62000,22990
Locamerica,FIAT,PALIO,2016,50401,22990
Locamerica,FIAT,PALIO,2016,35936,22990
Locamerica,FIAT,UNO,2015,44324,22990
Locamerica,FIAT,PALIO,2016,46869,22990
Locamerica,CHEVROLET,CELTA,2014,68407,22990
Locamerica,CHEVROLET,CELTA,2014,82556,22990
Locamerica,FIAT,PALIO,2016,30203,22990
Locamerica,FIAT,UNO,2015,44404,22990
Locamerica,CHEVROLET,CELTA,2014,61211,22990
Locamerica,CHEVROLET,CELTA,2014,61234,22990
Locamerica,CHEVROLET,CELTA,2014,42618,23490
Locamerica,VOLKSWAGEN,GOL,2016,43931,23990
Locamerica,VOLKSWAGEN,GOL,2015,33952,23990
Locamerica,VOLKSWAGEN,GOL,2016,47076,23990
Locamerica,VOLKSWAGEN,GOL,2015,39606,23990
Locamerica,VOLKSWAGEN,GOL,2016,41398,23990
Locamerica,VOLKSWAGEN,GOL,2015,33952,23990
Locamerica,VOLKSWAGEN,GOL,2015,33952,23990
Locamerica,FIAT,UNO,2016,64324,23990
Locamerica,FIAT,UNO,2016,65792,23990
Locamerica,FIAT,UNO,2016,78872,23990
Locamerica,FIAT,UNO,2016,82747,23990
Locamerica,FIAT,UNO,2016,74055,23990
Locamerica,FIAT,UNO,2016,46516,23990
Locamerica,VOLKSWAGEN,GOL,2015,39606,23990
Locamerica,VOLKSWAGEN,GOL,2016,57707,23990
Locamerica,FIAT,UNO,2016,64263,23990
Locamerica,FIAT,UNO,2016,71200,23990
Locamerica,VOLKSWAGEN,GOL,2015,33952,23990
Locamerica,VOLKSWAGEN,GOL,2016,54332,23990
Locamerica,VOLKSWAGEN,GOL,2015,33952,23990
Locamerica,VOLKSWAGEN,GOL,2015,33952,23990
Locamerica,VOLKSWAGEN,GOL,2015,33952,23990
Locamerica,VOLKSWAGEN,GOL,2015,33952,23990
Locamerica,VOLKSWAGEN,GOL,2015,33952,23990
Locamerica,FIAT,UNO,2016,49129,23990
Locamerica,FIAT,UNO,2016,51,23990
Locamerica,VOLKSWAGEN,GOL,2016,45513,23990
Locamerica,FIAT,UNO,2016,46533,23990
Locamerica,FIAT,UNO,2016,51,23990
Locamerica,FIAT,UNO,2016,71200,23990
Locamerica,FIAT,UNO,2016,71200,23990
Locamerica,FIAT,UNO,2016,71200,23990
Locamerica,FIAT,UNO,2016,71200,23990
Locamerica,FIAT,UNO,2016,40258,23990
Locamerica,FIAT,UNO,2016,71200,23990
Locamerica,FIAT,UNO,2016,66358,23990
Locamerica,FIAT,UNO,2016,71200,23990
Locamerica,FIAT,UNO,2016,71200,23990
Locamerica,FIAT,UNO,2016,71200,23990
Locamerica,FIAT,UNO,2016,71200,23990
Locamerica,FIAT,UNO,2016,71200,23990
Locamerica,FIAT,UNO,2016,71200,23990
Locamerica,FIAT,UNO,2016,71200,23990
Locamerica,FIAT,UNO,2016,71200,23990
Locamerica,FIAT,UNO,2016,71200,23990
Locamerica,FIAT,UNO,2016,71200,23990
Locamerica,FIAT,UNO,2016,71200,23990
Locamerica,FIAT,UNO,2016,71200,23990
Locamerica,FIAT,UNO,2016,71200,23990
Locamerica,FIAT,UNO,2016,71200,23990
Locamerica,FIAT,UNO,2016,71200,23990
Locamerica,FIAT,UNO,2016,71200,23990
Locamerica,FIAT,UNO,2016,71200,23990
Locamerica,FIAT,UNO,2016,71200,23990
Locamerica,FIAT,UNO,2016,71200,23990
Locamerica,FIAT,UNO,2016,62624,23990
Locamerica,FIAT,UNO,2016,53801,23990
Locamerica,FIAT,UNO,2016,66262,23990
Locamerica,FIAT,UNO,2016,82747,23990
Locamerica,VOLKSWAGEN,GOL,2016,78634,25490
Locamerica,VOLKSWAGEN,GOL,2016,85741,25490
Locamerica,VOLKSWAGEN,GOL,2016,78599,25490
Locamerica,FIAT,PALIO,2017,21309,25490
Locamerica,VOLKSWAGEN,GOL,2016,37868,25990
Locamerica,VOLKSWAGEN,GOL,2016,35250,25990
Locamerica,VOLKSWAGEN,GOL,2017,61329,27490
Locamerica,VOLKSWAGEN,GOL,2017,61329,27490
Locamerica,VOLKSWAGEN,GOL,2017,77814,27490
Locamerica,VOLKSWAGEN,GOL,2017,61329,27490
Locamerica,VOLKSWAGEN,GOL,2017,61329,27490
Locamerica,VOLKSWAGEN,GOL,2017,61329,27490
Locamerica,VOLKSWAGEN,GOL,2017,61329,27490
Locamerica,VOLKSWAGEN,GOL,2017,91382,27490
Locamerica,VOLKSWAGEN,GOL,2017,84147,27490
Locamerica,CHEVROLET,CLASSIC,2016,82387,27490
Locamerica,VOLKSWAGEN,GOL,2017,86950,27490
Locamerica,VOLKSWAGEN,GOL,2017,75132,27490
Locamerica,VOLKSWAGEN,GOL,2017,28279,27490
Locamerica,VOLKSWAGEN,GOL,2017,78340,27490
Locamerica,VOLKSWAGEN,GOL,2017,92719,27490
Locamerica,VOLKSWAGEN,GOL,2017,88587,27490
Locamerica,VOLKSWAGEN,GOL,2015,77457,27990
Locamerica,FIAT,PALIO,2016,74013,27990
Locamerica,VOLKSWAGEN,GOL,2016,31278,28490
Locamerica,FIAT,PALIO,2016,28594,28490
Locamerica,RENAULT,SANDERO,2014,38555,28490
Locamerica,RENAULT,SANDERO,2014,35534,28990
Locamerica,VOLKSWAGEN,SAVEIRO,2015,88098,29490
Locamerica,VOLKSWAGEN,GOL,2015,118062,29990
Locamerica,FORD,KA,2015,100136,29990
Locamerica,RENAULT,SANDERO,2016,68988,30490
Locamerica,RENAULT,SANDERO,2016,73680,30490
Locamerica,RENAULT,SANDERO,2016,73680,30490
Locamerica,FORD,KA,2015,76533,30490
Locamerica,FORD,KA,2015,70194,30990
Locamerica,RENAULT,SANDERO,2016,55205,30990
Locamerica,RENAULT,SANDERO,2016,56871,30990
Locamerica,RENAULT,SANDERO,2016,52961,30990
Locamerica,RENAULT,SANDERO,2016,56114,30990
Locamerica,RENAULT,SANDERO,2016,48358,31490
Locamerica,FIAT,PUNTO,2014,59789,31990
Locamerica,RENAULT,SANDERO,2017,64882,31990
Locamerica,RENAULT,SANDERO,2016,39224,31990
Locamerica,RENAULT,SANDERO,2017,66540,31990
Locamerica,RENAULT,SANDERO,2016,37272,31990
Locamerica,FIAT,STRADA,2016,25321,31990
Locamerica,RENAULT,SANDERO,2017,67864,31990
Locamerica,FIAT,STRADA,2016,18041,31990
Locamerica,RENAULT,SANDERO,2017,45512,32490
Locamerica,RENAULT,SANDERO,2017,43628,32490
Locamerica,RENAULT,SANDERO,2017,51777,32490
Locamerica,RENAULT,SANDERO,2015,74336,32490
Locamerica,CHEVROLET,ONIX,2015,75333,32990
Locamerica,FIAT,UNO,2016,70988,32990
Locamerica,RENAULT,SANDERO,2017,27760,32990
Locamerica,FIAT,PALIO,2016,93340,33490
Locamerica,FORD,KA,2015,87007,33490
Locamerica,FORD,KA,2015,87401,33490
Locamerica,FORD,KA,2015,87401,33490
Locamerica,FORD,KA,2015,87007,33490
Locamerica,FORD,KA,2016,88995,33490
Locamerica,FORD,KA,2015,87007,33490
Locamerica,FORD,KA,2015,87007,33490
Locamerica,RENAULT,SANDERO,2016,91571,33490
Locamerica,FORD,KA,2015,87007,33490
Locamerica,FORD,KA,2016,67467,33490
Locamerica,FORD,KA,2016,85923,33490
Locamerica,FORD,KA,2015,87007,33490
Locamerica,RENAULT,SANDERO,2016,91571,33490
Locamerica,FORD,KA,2015,87007,33490
Locamerica,FORD,KA,2015,87007,33490
Locamerica,FORD,KA,2015,87007,33490
Locamerica,FORD,KA,2015,87007,33490
Locamerica,FORD,KA,2015,87007,33490
Locamerica,FORD,KA,2015,87007,33490
Locamerica,FORD,KA,2015,87007,33490
Locamerica,FORD,KA,2015,87007,33490
Locamerica,FORD,KA,2015,87007,33490
Locamerica,FORD,KA,2015,87007,33490
Locamerica,FORD,KA,2015,87007,33490
Locamerica,FORD,KA,2015,87007,33490
Locamerica,FORD,KA,2015,87007,33490
Locamerica,FORD,KA,2016,88995,33490
Locamerica,FORD,KA,2015,87007,33490
Locamerica,FORD,KA,2015,87007,33490
Locamerica,FORD,KA,2016,88995,33490
Locamerica,RENAULT,SANDERO,2016,75178,33490
Locamerica,FORD,KA,2016,88995,33490
Locamerica,FORD,KA,2015,87007,33490
Locamerica,FORD,KA,2016,88995,33490
Locamerica,FORD,KA,2015,87007,33490
Locamerica,FORD,KA,2015,87007,33490
Locamerica,FORD,KA,2016,97027,33490
Locamerica,FIAT,PALIO,2016,93303,33490
Locamerica,RENAULT,SANDERO,2016,91571,33490
Locamerica,RENAULT,SANDERO,2016,75178,33490
Locamerica,FORD,KA,2016,85457,33490
Locamerica,RENAULT,SANDERO,2016,70180,33490
Locamerica,FIAT,FIORINO,2015,69789,33490
Locamerica,RENAULT,SANDERO,2016,87828,33490
Locamerica,FORD,KA,2016,85923,33490
Locamerica,FIAT,PALIO,2016,51828,33990
Locamerica,VOLKSWAGEN,GOL,2017,82766,33990
Locamerica,VOLKSWAGEN,GOL,2017,82766,33990
Locamerica,VOLKSWAGEN,GOL,2017,82766,33990
Locamerica,VOLKSWAGEN,GOL,2017,73447,33990
Locamerica,RENAULT,SANDERO,2016,54576,33990
Locamerica,FIAT,PALIO,2016,34719,33990
Locamerica,FIAT,PALIO,2016,51828,33990
Locamerica,VOLKSWAGEN,GOL,2017,82766,33990
Locamerica,VOLKSWAGEN,GOL,2017,82766,33990
Locamerica,VOLKSWAGEN,GOL,2017,74668,33990
Locamerica,VOLKSWAGEN,GOL,2017,82766,33990
Locamerica,FIAT,PALIO,2016,51828,33990
Locamerica,VOLKSWAGEN,GOL,2017,82766,33990
Locamerica,VOLKSWAGEN,GOL,2017,82766,33990
Locamerica,VOLKSWAGEN,GOL,2017,82766,33990
Locamerica,VOLKSWAGEN,GOL,2017,82766,33990
Locamerica,VOLKSWAGEN,GOL,2017,82766,33990
Locamerica,FIAT,PALIO,2016,80970,33990
Locamerica,NISSAN,MARCH,2017,35483,33990
Locamerica,NISSAN,MARCH,2017,35483,33990
Locamerica,NISSAN,MARCH,2017,35483,33990
Locamerica,NISSAN,MARCH,2017,35483,33990
Locamerica,NISSAN,MARCH,2017,35483,33990
Locamerica,NISSAN,MARCH,2017,35483,33990
Locamerica,NISSAN,MARCH,2017,35483,33990
Locamerica,NISSAN,MARCH,2017,35483,33990
Locamerica,NISSAN,MARCH,2017,35483,33990
Locamerica,NISSAN,MARCH,2017,35483,33990
Locamerica,NISSAN,MARCH,2017,35483,33990
Locamerica,NISSAN,MARCH,2017,35483,33990
Locamerica,NISSAN,MARCH,2017,35483,33990
Locamerica,NISSAN,MARCH,2017,35483,33990
Locamerica,NISSAN,MARCH,2017,35483,33990
Locamerica,NISSAN,MARCH,2017,35483,33990
Locamerica,NISSAN,MARCH,2017,35483,33990
Locamerica,NISSAN,MARCH,2017,35483,33990
Locamerica,VOLKSWAGEN,GOL,2017,80981,33990
Locamerica,NISSAN,MARCH,2017,35483,33990
Locamerica,NISSAN,MARCH,2017,35483,33990
Locamerica,NISSAN,MARCH,2017,35483,33990
Locamerica,NISSAN,MARCH,2017,35483,33990
Locamerica,NISSAN,MARCH,2017,35483,33990
Locamerica,NISSAN,MARCH,2017,35483,33990
Locamerica,NISSAN,MARCH,2017,35483,33990
Locamerica,RENAULT,SANDERO,2016,52911,33990
Locamerica,VOLKSWAGEN,GOL,2017,80287,33990
Locamerica,FIAT,UNO,2017,48125,33990
Locamerica,VOLKSWAGEN,GOL,2017,62520,33990
Locamerica,VOLKSWAGEN,SAVEIRO,2016,95742,33990
Locamerica,FORD,KA,2016,5250,33990
Locamerica,VOLKSWAGEN,GOL,2017,41119,34490
Locamerica,VOLKSWAGEN,GOL,2017,41119,34490
Locamerica,VOLKSWAGEN,GOL,2017,41119,34490
Locamerica,VOLKSWAGEN,GOL,2017,41119,34490
Locamerica,VOLKSWAGEN,GOL,2017,41124,34490
Locamerica,VOLKSWAGEN,GOL,2017,41119,34490
Locamerica,VOLKSWAGEN,GOL,2017,41119,34490
Locamerica,VOLKSWAGEN,GOL,2017,41119,34490
Locamerica,FIAT,UNO,2017,50827,34490
Locamerica,FIAT,UNO,2017,50827,34490
Locamerica,VOLKSWAGEN,GOL,2017,41124,34490
Locamerica,VOLKSWAGEN,GOL,2017,41119,34490
Locamerica,VOLKSWAGEN,GOL,2017,41119,34490
Locamerica,VOLKSWAGEN,GOL,2017,41764,34490
Locamerica,VOLKSWAGEN,GOL,2017,41119,34490
Locamerica,VOLKSWAGEN,GOL,2017,37525,34490
Locamerica,VOLKSWAGEN,GOL,2017,41124,34490
Locamerica,VOLKSWAGEN,GOL,2017,41124,34490
Locamerica,VOLKSWAGEN,GOL,2017,41764,34490
Locamerica,VOLKSWAGEN,GOL,2017,41124,34490
Locamerica,VOLKSWAGEN,GOL,2017,41124,34490
Locamerica,FIAT,UNO,2016,44741,34490
Locamerica,FIAT,UNO,2017,50827,34490
Locamerica,FIAT,UNO,2017,50827,34490
Locamerica,FIAT,UNO,2017,50827,34490
Locamerica,FIAT,UNO,2017,50827,34490
Locamerica,FIAT,UNO,2017,50827,34490
Locamerica,FIAT,UNO,2017,50827,34490
Locamerica,FIAT,UNO,2017,50827,34490
Locamerica,FIAT,UNO,2017,50827,34490
Locamerica,FIAT,UNO,2017,50827,34490
Locamerica,FIAT,UNO,2017,50827,34490
Locamerica,FIAT,UNO,2017,50827,34490
Locamerica,FIAT,UNO,2017,50827,34490
Locamerica,FIAT,UNO,2017,50827,34490
Locamerica,FIAT,UNO,2017,50827,34490
Locamerica,FIAT,UNO,2017,50827,34490
Locamerica,FIAT,UNO,2017,50827,34490
Locamerica,FIAT,UNO,2017,50827,34490
Locamerica,FIAT,UNO,2017,50827,34490
Locamerica,FIAT,UNO,2017,50827,34490
Locamerica,FIAT,UNO,2017,50827,34490
Locamerica,FIAT,UNO,2017,50827,34490
Locamerica,FIAT,UNO,2017,50827,34490
Locamerica,FIAT,UNO,2017,50827,34490
Locamerica,FIAT,UNO,2017,50827,34490
Locamerica,VOLKSWAGEN,GOL,2017,62358,34490
Locamerica,RENAULT,SANDERO,2016,46809,34490
Locamerica,RENAULT,SANDERO,2017,57944,34490
Locamerica,RENAULT,SANDERO,2016,36461,34490
Locamerica,RENAULT,SANDERO,2016,29024,34490
Locamerica,RENAULT,SANDERO,2016,47687,34490
Locamerica,VOLKSWAGEN,GOL,2017,59555,34490
Locamerica,FIAT,UNO,2017,39795,34490
Locamerica,FORD,KA+,2015,103738,34490
Locamerica,FIAT,UNO,2017,38305,34490
Locamerica,VOLKSWAGEN,GOL,2017,64578,34490
Locamerica,FIAT,STRADA,2016,81554,34990
Locamerica,FIAT,STRADA,2016,81554,34990
Locamerica,FIAT,STRADA,2016,81554,34990
Locamerica,CHEVROLET,ONIX,2017,41286,34990
Locamerica,CHEVROLET,ONIX,2017,41286,34990
Locamerica,CHEVROLET,ONIX,2017,44980,34990
Locamerica,CHEVROLET,ONIX,2016,69856,34990
Locamerica,CHEVROLET,ONIX,2017,50386,34990
Locamerica,TOYOTA,ETIOS,2016,104431,34990
Locamerica,CHEVROLET,ONIX,2017,37765,34990
Locamerica,TOYOTA,ETIOS,2016,104426,34990
Locamerica,CHEVROLET,ONIX,2017,51774,34990
Locamerica,TOYOTA,ETIOS,2016,104431,34990
Locamerica,CHEVROLET,ONIX,2017,51774,34990
Locamerica,FIAT,STRADA,2016,81554,34990
Locamerica,TOYOTA,ETIOS,2016,104431,34990
Locamerica,CHEVROLET,ONIX,2017,41286,34990
Locamerica,CHEVROLET,ONIX,2017,37765,34990
Locamerica,CHEVROLET,ONIX,2017,51774,34990
Locamerica,TOYOTA,ETIOS,2016,104431,34990
Locamerica,CHEVROLET,ONIX,2017,41286,34990
Locamerica,CHEVROLET,ONIX,2017,44980,34990
Locamerica,CHEVROLET,ONIX,2016,69856,34990
Locamerica,CHEVROLET,ONIX,2017,50386,34990
Locamerica,TOYOTA,ETIOS,2016,104426,34990
Locamerica,FIAT,STRADA,2016,76012,34990
Locamerica,CHEVROLET,ONIX,2017,45241,34990
Locamerica,CHEVROLET,ONIX,2017,50942,34990
Locamerica,CHEVROLET,ONIX,2017,45000,34990
Locamerica,CHEVROLET,ONIX,2017,40569,34990
Locamerica,CHEVROLET,ONIX,2017,45764,34990
Locamerica,CHEVROLET,ONIX,2017,30090,34990
Locamerica,CHEVROLET,ONIX,2017,41286,34990
Locamerica,CHEVROLET,ONIX,2017,44980,34990
Locamerica,CHEVROLET,ONIX,2017,50386,34990
Locamerica,CHEVROLET,ONIX,2016,69856,34990
Locamerica,CHEVROLET,ONIX,2016,72403,34990
Locamerica,CHEVROLET,ONIX,2017,44980,34990
Locamerica,CHEVROLET,ONIX,2017,50386,34990
Locamerica,CHEVROLET,ONIX,2016,69856,34990
Locamerica,FORD,KA+,2015,92134,34990
Locamerica,FORD,KA+,2015,98683,34990
Locamerica,TOYOTA,ETIOS,2016,104426,34990
Locamerica,CHEVROLET,ONIX,2017,41286,34990
Locamerica,CHEVROLET,ONIX,2017,44980,34990
Locamerica,CHEVROLET,ONIX,2017,50386,34990
Locamerica,FORD,KA+,2015,75774,34990
Locamerica,CHEVROLET,ONIX,2017,36847,34990
Locamerica,CHEVROLET,ONIX,2017,44980,34990
Locamerica,CHEVROLET,ONIX,2017,41286,34990
Locamerica,CHEVROLET,ONIX,2017,44980,34990
Locamerica,CHEVROLET,ONIX,2016,67088,34990
Locamerica,CHEVROLET,ONIX,2017,36847,34990
Locamerica,FIAT,STRADA,2016,89529,34990
Locamerica,FORD,KA,2017,77292,34990
Locamerica,CHEVROLET,ONIX,2017,39051,34990
Locamerica,CHEVROLET,ONIX,2017,41286,34990
Locamerica,CHEVROLET,ONIX,2016,67088,34990
Locamerica,CHEVROLET,ONIX,2017,0,34990
Locamerica,CHEVROLET,ONIX,2017,41286,34990
Locamerica,CHEVROLET,ONIX,2017,44980,34990
Locamerica,CHEVROLET,ONIX,2017,49652,34990
Locamerica,CHEVROLET,ONIX,2017,41286,34990
Locamerica,CHEVROLET,ONIX,2017,44980,34990
Locamerica,CHEVROLET,ONIX,2016,67088,34990
Locamerica,FIAT,STRADA,2016,81554,34990
Locamerica,CHEVROLET,ONIX,2017,44980,34990
Locamerica,CHEVROLET,ONIX,2016,67088,34990
Locamerica,CHEVROLET,ONIX,2017,41286,34990
Locamerica,CHEVROLET,ONIX,2017,45000,34990
Locamerica,CHEVROLET,ONIX,2017,41286,34990
Locamerica,CHEVROLET,ONIX,2016,67088,34990
Locamerica,CHEVROLET,ONIX,2017,41286,34990
Locamerica,FIAT,STRADA,2016,81554,34990
Locamerica,TOYOTA,ETIOS,2016,104431,34990
Locamerica,CHEVROLET,ONIX,2017,41286,34990
Locamerica,CHEVROLET,ONIX,2017,44980,34990
Locamerica,FIAT,STRADA,2016,81554,34990
Locamerica,FIAT,STRADA,2016,81554,34990
Locamerica,TOYOTA,ETIOS,2016,104431,34990
Locamerica,FORD,KA,2017,77292,34990
Locamerica,FIAT,STRADA,2016,81554,34990
Locamerica,TOYOTA,ETIOS,2016,104431,34990
Locamerica,CHEVROLET,ONIX,2017,41286,34990
Locamerica,CHEVROLET,ONIX,2017,44980,34990
Locamerica,FIAT,STRADA,2016,81554,34990
Locamerica,TOYOTA,ETIOS,2016,104431,34990
Locamerica,CHEVROLET,ONIX,2017,45000,34990
Locamerica,CHEVROLET,ONIX,2017,41286,34990
Locamerica,CHEVROLET,ONIX,2016,79170,34990
Locamerica,CHEVROLET,ONIX,2017,73262,34990
Locamerica,CHEVROLET,ONIX,2017,45700,34990
Locamerica,CHEVROLET,ONIX,2017,51774,34990
Locamerica,RENAULT,SANDERO,2017,82464,34990
Locamerica,CHEVROLET,ONIX,2017,53185,34990
Locamerica,CHEVROLET,ONIX,2017,45764,34990
Locamerica,CHEVROLET,ONIX,2017,53185,34990
Locamerica,CHEVROLET,ONIX,2017,45000,34990
Locamerica,CHEVROLET,ONIX,2017,45764,34990
Locamerica,CHEVROLET,ONIX,2017,53185,34990
Locamerica,CHEVROLET,ONIX,2017,45000,34990
Locamerica,CHEVROLET,ONIX,2017,45000,34990
Locamerica,CHEVROLET,ONIX,2017,45764,34990
Locamerica,CHEVROLET,ONIX,2017,53185,34990
Locamerica,CHEVROLET,ONIX,2017,45000,34990
Locamerica,CHEVROLET,ONIX,2017,45764,34990
Locamerica,CHEVROLET,ONIX,2017,53185,34990
Locamerica,CHEVROLET,ONIX,2017,45000,34990
Locamerica,CHEVROLET,ONIX,2017,45764,34990
Locamerica,CHEVROLET,ONIX,2017,53185,34990
Locamerica,CHEVROLET,ONIX,2017,45000,34990
Locamerica,CHEVROLET,ONIX,2017,45764,34990
Locamerica,CHEVROLET,ONIX,2017,53185,34990
Locamerica,CHEVROLET,ONIX,2017,45000,34990
Locamerica,CHEVROLET,ONIX,2017,45764,34990
Locamerica,CHEVROLET,ONIX,2017,53185,34990
Locamerica,CHEVROLET,ONIX,2017,45000,34990
Locamerica,CHEVROLET,ONIX,2017,45764,34990
Locamerica,CHEVROLET,ONIX,2017,53185,34990
Locamerica,CHEVROLET,ONIX,2017,45000,34990
Locamerica,CHEVROLET,ONIX,2017,45764,34990
Locamerica,CHEVROLET,ONIX,2017,53185,34990
Locamerica,CHEVROLET,ONIX,2017,45000,34990
Locamerica,CHEVROLET,ONIX,2017,45764,34990
Locamerica,CHEVROLET,ONIX,2017,53185,34990
Locamerica,CHEVROLET,ONIX,2017,45000,34990
Locamerica,CHEVROLET,ONIX,2017,45764,34990
Locamerica,CHEVROLET,ONIX,2017,53185,34990
Locamerica,CHEVROLET,ONIX,2017,45000,34990
Locamerica,CHEVROLET,ONIX,2017,45764,34990
Locamerica,CHEVROLET,ONIX,2017,53185,34990
Locamerica,CHEVROLET,ONIX,2017,45000,34990
Locamerica,CHEVROLET,ONIX,2017,45764,34990
Locamerica,CHEVROLET,ONIX,2017,53185,34990
Locamerica,CHEVROLET,ONIX,2017,45764,34990
Locamerica,CHEVROLET,ONIX,2017,53185,34990
Locamerica,CHEVROLET,ONIX,2017,45764,34990
Locamerica,CHEVROLET,ONIX,2017,45000,34990
Locamerica,CHEVROLET,ONIX,2017,45764,34990
Locamerica,CHEVROLET,ONIX,2017,53185,34990
Locamerica,CHEVROLET,ONIX,2017,45000,34990
Locamerica,CHEVROLET,ONIX,2017,45764,34990
Locamerica,CHEVROLET,ONIX,2017,53185,34990
Locamerica,CHEVROLET,ONIX,2017,45000,34990
Locamerica,CHEVROLET,ONIX,2017,45764,34990
Locamerica,CHEVROLET,ONIX,2017,53185,34990
Locamerica,CHEVROLET,ONIX,2017,45000,34990
Locamerica,CHEVROLET,ONIX,2017,45000,34990
Locamerica,CHEVROLET,ONIX,2017,45764,34990
Locamerica,CHEVROLET,ONIX,2017,53185,34990
Locamerica,CHEVROLET,ONIX,2017,45000,34990
Locamerica,CHEVROLET,ONIX,2017,49907,34990
Locamerica,CHEVROLET,ONIX,2017,45764,34990
Locamerica,CHEVROLET,ONIX,2017,53185,34990
Locamerica,CHEVROLET,ONIX,2017,45000,34990
Locamerica,CHEVROLET,ONIX,2017,45764,34990
Locamerica,CHEVROLET,ONIX,2017,53185,34990
Locamerica,CHEVROLET,ONIX,2017,45000,34990
Locamerica,CHEVROLET,ONIX,2017,45764,34990
Locamerica,CHEVROLET,ONIX,2017,53185,34990
Locamerica,CHEVROLET,ONIX,2017,45000,34990
Locamerica,CHEVROLET,ONIX,2017,45764,34990
Locamerica,CHEVROLET,ONIX,2017,53185,34990
Locamerica,TOYOTA,ETIOS,2016,104426,34990
Locamerica,VOLKSWAGEN,GOL,2017,27878,34990
Locamerica,CHEVROLET,ONIX,2017,39694,34990
Locamerica,CHEVROLET,ONIX,2017,45949,34990
Locamerica,CHEVROLET,ONIX,2017,33191,34990
Locamerica,FORD,KA+,2015,76335,34990
Locamerica,FORD,KA+,2015,64292,34990
Locamerica,FORD,KA+,2015,102594,34990
Locamerica,RENAULT,SANDERO,2017,78867,34990
Locamerica,CHEVROLET,ONIX,2017,60873,34990
Locamerica,CHEVROLET,ONIX,2017,46039,34990
Locamerica,CHEVROLET,ONIX,2017,44512,34990
Locamerica,CHEVROLET,ONIX,2017,52907,34990
Locamerica,CHEVROLET,ONIX,2017,40946,34990
Locamerica,FIAT,UNO,2017,27498,34990
Locamerica,CHEVROLET,ONIX,2017,53566,34990
Locamerica,CHEVROLET,ONIX,2017,38832,34990
Locamerica,CHEVROLET,ONIX,2016,84878,34990
Locamerica,FORD,KA+,2015,49430,34990
Locamerica,CHEVROLET,ONIX,2017,8215,34990
Locamerica,FORD,KA+,2015,68751,34990
Locamerica,CHEVROLET,ONIX,2017,44901,34990
Locamerica,CHEVROLET,ONIX,2017,75117,34990
Locamerica,RENAULT,SANDERO,2017,34341,34990
Locamerica,FORD,KA+,2015,70239,34990
Locamerica,CHEVROLET,ONIX,2016,42700,35490
Locamerica,CHEVROLET,ONIX,2016,52620,35490
Locamerica,CHEVROLET,ONIX,2016,44462,35490
Locamerica,CHEVROLET,ONIX,2016,52620,35490
Locamerica,CHEVROLET,ONIX,2016,44462,35490
Locamerica,CHEVROLET,ONIX,2016,52620,35490
Locamerica,CHEVROLET,ONIX,2016,52620,35490
Locamerica,CHEVROLET,ONIX,2016,52620,35490
Locamerica,CHEVROLET,ONIX,2016,42700,35490
Locamerica,CHEVROLET,ONIX,2016,52620,35490
Locamerica,CHEVROLET,ONIX,2016,52620,35490
Locamerica,CHEVROLET,ONIX,2016,44462,35490
Locamerica,CHEVROLET,ONIX,2016,52620,35490
Locamerica,CHEVROLET,ONIX,2016,52620,35490
Locamerica,CHEVROLET,ONIX,2016,52620,35490
Locamerica,CHEVROLET,ONIX,2016,51203,35490
Locamerica,CHEVROLET,ONIX,2016,52620,35490
Locamerica,FIAT,STRADA,2016,35174,35490
Locamerica,CHEVROLET,ONIX,2016,52696,35490
Locamerica,FIAT,PALIO,2017,47134,35490
Locamerica,CHEVROLET,ONIX,2016,52620,35490
Locamerica,CHEVROLET,ONIX,2016,44462,35490
Locamerica,CHEVROLET,ONIX,2016,52620,35490
Locamerica,FIAT,PALIO,2017,47134,35490
Locamerica,FIAT,PALIO,2017,57880,35490
Locamerica,CHEVROLET,ONIX,2016,52620,35490
Locamerica,CHEVROLET,ONIX,2016,51203,35490
Locamerica,CHEVROLET,ONIX,2016,52620,35490
Locamerica,CHEVROLET,ONIX,2016,51203,35490
Locamerica,CHEVROLET,ONIX,2016,52620,35490
Locamerica,CHEVROLET,ONIX,2016,52620,35490
Locamerica,FIAT,PALIO,2017,47134,35490
Locamerica,CHEVROLET,ONIX,2016,52620,35490
Locamerica,CHEVROLET,ONIX,2016,51203,35490
Locamerica,CHEVROLET,ONIX,2016,52620,35490
Locamerica,CHEVROLET,ONIX,2016,51203,35490
Locamerica,FIAT,PALIO,2017,47134,35490
Locamerica,CHEVROLET,ONIX,2016,52620,35490
Locamerica,FIAT,PALIO,2017,47134,35490
Locamerica,RENAULT,SANDERO,2017,40335,35490
Locamerica,RENAULT,SANDERO,2017,38224,35490
Locamerica,CHEVROLET,ONIX,2016,44570,35490
Locamerica,FORD,KA,2015,70234,35490
Locamerica,RENAULT,SANDERO,2017,32025,35490
Locamerica,FORD,KA+,2015,49716,35490
Locamerica,FORD,KA+,2016,84306,35490
Locamerica,RENAULT,SANDERO,2017,48171,35490
Locamerica,CHEVROLET,ONIX,2016,41353,35490
Locamerica,RENAULT,SANDERO,2017,48538,35490
Locamerica,FORD,KA,2017,34242,35490
Locamerica,CHEVROLET,MONTANA,2017,76352,35490
Locamerica,RENAULT,SANDERO,2017,50993,35490
Locamerica,FIAT,PALIO,2017,11281,35990
Locamerica,FIAT,PALIO,2017,11281,35990
Locamerica,CHEVROLET,MONTANA,2017,57126,35990
Locamerica,FIAT,PALIO,2017,11281,35990
Locamerica,CHEVROLET,MONTANA,2017,57126,35990
Locamerica,CHEVROLET,MONTANA,2017,57126,35990
Locamerica,FIAT,UNO,2017,42651,35990
Locamerica,CHEVROLET,MONTANA,2017,57126,35990
Locamerica,FIAT,PALIO,2017,11281,35990
Locamerica,FIAT,GRANDSIENA,2015,83741,35990
Locamerica,CHEVROLET,MONTANA,2017,57126,35990
Locamerica,CHEVROLET,MONTANA,2017,57126,35990
Locamerica,CHEVROLET,MONTANA,2017,57126,35990
Locamerica,CHEVROLET,MONTANA,2017,57126,35990
Locamerica,CHEVROLET,MONTANA,2017,57126,35990
Locamerica,CHEVROLET,MONTANA,2017,57126,35990
Locamerica,CHEVROLET,MONTANA,2017,57126,35990
Locamerica,CHEVROLET,MONTANA,2017,57126,35990
Locamerica,CHEVROLET,MONTANA,2017,57126,35990
Locamerica,CHEVROLET,MONTANA,2017,57126,35990
Locamerica,CHEVROLET,MONTANA,2017,57126,35990
Locamerica,CHEVROLET,MONTANA,2017,57126,35990
Locamerica,CHEVROLET,MONTANA,2017,57126,35990
Locamerica,CHEVROLET,MONTANA,2017,57126,35990
Locamerica,CHEVROLET,MONTANA,2017,57126,35990
Locamerica,CHEVROLET,MONTANA,2017,57133,35990
Locamerica,FORD,KA,2016,68099,35990
Locamerica,CHEVROLET,ONIX,2016,19749,35990
Locamerica,FORD,KA,2017,28686,35990
Locamerica,FORD,KA,2017,36105,35990
Locamerica,FIAT,UNO,2018,34156,35990
Locamerica,FIAT,STRADA,2016,34073,35990
Locamerica,VOLKSWAGEN,POLO,2014,46406,35990
Locamerica,FORD,KA,2016,67101,36490
Locamerica,FIAT,GRANDSIENA,2015,51774,36490
Locamerica,CHEVROLET,MONTANA,2017,8399,36490
Locamerica,FIAT,DOBLO,2014,90350,36990
Locamerica,CHEVROLET,ONIX,2015,70656,36990
Locamerica,VOLKSWAGEN,GOL,2017,64265,36990
Locamerica,CHEVROLET,ONIX,2015,70656,36990
Locamerica,CHEVROLET,ONIX,2015,70656,36990
Locamerica,CHEVROLET,ONIX,2015,70656,36990
Locamerica,CHEVROLET,ONIX,2015,70656,36990
Locamerica,CHEVROLET,ONIX,2015,70656,36990
Locamerica,CHEVROLET,ONIX,2015,70656,36990
Locamerica,CHEVROLET,ONIX,2015,70656,36990
Locamerica,CHEVROLET,ONIX,2015,70656,36990
Locamerica,CHEVROLET,ONIX,2015,70656,36990
Locamerica,CHEVROLET,ONIX,2015,70656,36990
Locamerica,CHEVROLET,ONIX,2015,70656,36990
Locamerica,CHEVROLET,ONIX,2015,70656,36990
Locamerica,CHEVROLET,ONIX,2015,70656,36990
Locamerica,CHEVROLET,ONIX,2015,70656,36990
Locamerica,VOLKSWAGEN,GOL,2017,64265,36990
Locamerica,CHEVROLET,ONIX,2015,70656,36990
Locamerica,CHEVROLET,ONIX,2015,70656,36990
Locamerica,CHEVROLET,ONIX,2015,70656,36990
Locamerica,CHEVROLET,ONIX,2015,70656,36990
Locamerica,CHEVROLET,ONIX,2015,70656,36990
Locamerica,CHEVROLET,ONIX,2015,70656,36990
Locamerica,CHEVROLET,ONIX,2015,70656,36990
Locamerica,CHEVROLET,ONIX,2015,70656,36990
Locamerica,CHEVROLET,ONIX,2015,70656,36990
Locamerica,CHEVROLET,ONIX,2015,70656,36990
Locamerica,RENAULT,LOGAN,2016,63334,36990
Locamerica,RENAULT,LOGAN,2016,74933,36990
Locamerica,RENAULT,SANDERO,2018,40067,36990
Locamerica,RENAULT,SANDERO,2018,40067,36990
Locamerica,RENAULT,SANDERO,2018,40067,36990
Locamerica,RENAULT,SANDERO,2018,40067,36990
Locamerica,RENAULT,SANDERO,2018,40067,36990
Locamerica,RENAULT,SANDERO,2018,40067,36990
Locamerica,RENAULT,SANDERO,2018,40067,36990
Locamerica,RENAULT,SANDERO,2018,40067,36990
Locamerica,RENAULT,SANDERO,2018,40067,36990
Locamerica,RENAULT,SANDERO,2018,40067,36990
Locamerica,RENAULT,SANDERO,2018,40067,36990
Locamerica,RENAULT,SANDERO,2018,40067,36990
Locamerica,RENAULT,SANDERO,2018,40067,36990
Locamerica,RENAULT,SANDERO,2018,40067,36990
Locamerica,RENAULT,SANDERO,2018,40067,36990
Locamerica,RENAULT,SANDERO,2018,40067,36990
Locamerica,RENAULT,SANDERO,2018,40067,36990
Locamerica,RENAULT,SANDERO,2018,40067,36990
Locamerica,RENAULT,SANDERO,2018,40067,36990
Locamerica,RENAULT,SANDERO,2018,40067,36990
Locamerica,RENAULT,SANDERO,2018,40067,36990
Locamerica,RENAULT,SANDERO,2018,40067,36990
Locamerica,RENAULT,SANDERO,2018,40067,36990
Locamerica,RENAULT,SANDERO,2018,40067,36990
Locamerica,RENAULT,SANDERO,2018,40067,36990
Locamerica,RENAULT,LOGAN,2016,84410,36990
Locamerica,RENAULT,SANDERO,2018,41982,36990
Locamerica,RENAULT,LOGAN,2016,60445,36990
Locamerica,RENAULT,SANDERO,2018,40327,36990
Locamerica,RENAULT,SANDERO,2018,45507,36990
Locamerica,RENAULT,SANDERO,2018,47309,36990
Locamerica,FORD,KA,2018,56364,36990
Locamerica,RENAULT,LOGAN,2016,46517,37490
Locamerica,RENAULT,LOGAN,2016,46385,37490
Locamerica,RENAULT,SANDERO,2018,37703,37490
Locamerica,RENAULT,LOGAN,2016,32609,37490
Locamerica,RENAULT,LOGAN,2016,32609,37490
Locamerica,RENAULT,LOGAN,2016,46567,37490
Locamerica,RENAULT,LOGAN,2016,50300,37490
Locamerica,RENAULT,LOGAN,2015,30429,37490
Locamerica,RENAULT,LOGAN,2016,48706,37490
Locamerica,RENAULT,LOGAN,2016,50300,37490
Locamerica,RENAULT,SANDERO,2018,37703,37490
Locamerica,RENAULT,SANDERO,2018,37703,37490
Locamerica,RENAULT,SANDERO,2018,37703,37490
Locamerica,RENAULT,SANDERO,2018,37703,37490
Locamerica,RENAULT,SANDERO,2018,37703,37490
Locamerica,RENAULT,SANDERO,2018,37703,37490
Locamerica,RENAULT,SANDERO,2018,37703,37490
Locamerica,RENAULT,SANDERO,2018,37703,37490
Locamerica,RENAULT,SANDERO,2018,37703,37490
Locamerica,RENAULT,LOGAN,2016,42199,37490
Locamerica,RENAULT,LOGAN,2016,46401,37490
Locamerica,FORD,KA,2018,46174,37490
Locamerica,FORD,KA,2018,46174,37490
Locamerica,FORD,KA,2018,46174,37490
Locamerica,FORD,KA,2018,46174,37490
Locamerica,FORD,KA,2018,46174,37490
Locamerica,FORD,KA,2018,46174,37490
Locamerica,FORD,KA,2018,46174,37490
Locamerica,FORD,KA,2018,46174,37490
Locamerica,FORD,KA,2018,46174,37490
Locamerica,FORD,KA,2018,46174,37490
Locamerica,FORD,KA,2018,46174,37490
Locamerica,FORD,KA,2018,46174,37490
Locamerica,FORD,KA,2018,46174,37490
Locamerica,FORD,KA,2018,46174,37490
Locamerica,FORD,KA,2018,46174,37490
Locamerica,FORD,KA,2018,46174,37490
Locamerica,FORD,KA,2018,46174,37490
Locamerica,FORD,KA,2018,46174,37490
Locamerica,FORD,KA,2018,46174,37490
Locamerica,FORD,KA,2018,46174,37490
Locamerica,FORD,KA,2018,46174,37490
Locamerica,FORD,KA,2018,46174,37490
Locamerica,FORD,KA,2018,46174,37490
Locamerica,FORD,KA,2018,46174,37490
Locamerica,FORD,KA,2018,46174,37490
Locamerica,FORD,KA,2018,44178,37490
Locamerica,RENAULT,LOGAN,2016,51327,37490
Locamerica,RENAULT,SANDERO,2018,39811,37490
Locamerica,RENAULT,LOGAN,2016,45238,37490
Locamerica,RENAULT,LOGAN,2016,38767,37490
Locamerica,RENAULT,LOGAN,2016,44075,37490
Locamerica,RENAULT,LOGAN,2016,36055,37490
Locamerica,VOLKSWAGEN,FOX,2015,91595,37990
Locamerica,VOLKSWAGEN,FOX,2014,97408,37990
Locamerica,CHEVROLET,ONIX,2018,14684,37990
Locamerica,VOLKSWAGEN,FOX,2015,91758,37990
Locamerica,VOLKSWAGEN,FOX,2015,91758,37990
Locamerica,VOLKSWAGEN,FOX,2015,91528,37990
Locamerica,RENAULT,LOGAN,2016,25105,37990
Locamerica,CHEVROLET,ONIX,2018,26512,37990
Locamerica,CITROEN,C3,2017,38830,37990
Locamerica,RENAULT,LOGAN,2016,25255,37990
Locamerica,FORD,KA,2016,86329,37990
Locamerica,NISSAN,MARCH,2016,42949,37990
Locamerica,CITROEN,C3,2017,31202,37990
Locamerica,CHEVROLET,ONIX,2018,38605,37990
Locamerica,CITROEN,C3,2017,37171,37990
Locamerica,FORD,KA,2018,29571,37990
Locamerica,CHEVROLET,ONIX,2018,23373,37990
Locamerica,CHEVROLET,ONIX,2018,17704,37990
Locamerica,RENAULT,SANDERO,2018,73601,37990
Locamerica,CHEVROLET,ONIX,2018,12717,37990
Locamerica,CHEVROLET,ONIX,2018,19357,37990
Locamerica,FORD,KA,2018,37517,37990
Locamerica,CHEVROLET,ONIX,2018,28173,37990
Locamerica,RENAULT,SANDERO,2018,25707,37990
Locamerica,PEUGEOT,208,2017,54283,38490
Locamerica,FORD,KA,2017,53756,38490
Locamerica,FIAT,FIORINO,2016,64662,38490
Locamerica,FIAT,LINEA,2015,95016,38990
Locamerica,FIAT,LINEA,2015,57295,38990
Locamerica,FIAT,LINEA,2015,57045,38990
Locamerica,FIAT,LINEA,2015,57295,38990
Locamerica,FIAT,LINEA,2015,95016,38990
Locamerica,FIAT,LINEA,2015,57295,38990
Locamerica,FIAT,LINEA,2015,95016,38990
Locamerica,FIAT,LINEA,2015,57295,38990
Locamerica,FIAT,LINEA,2015,57295,38990
Locamerica,FIAT,LINEA,2015,95016,38990
Locamerica,FIAT,LINEA,2015,57295,38990
Locamerica,FIAT,LINEA,2015,95016,38990
Locamerica,FIAT,LINEA,2015,95016,38990
Locamerica,FIAT,LINEA,2015,57295,38990
Locamerica,FIAT,LINEA,2015,57295,38990
Locamerica,FIAT,LINEA,2015,95016,38990
Locamerica,FIAT,LINEA,2015,95016,38990
Locamerica,FIAT,LINEA,2015,57295,38990
Locamerica,FIAT,LINEA,2015,57295,38990
Locamerica,FIAT,LINEA,2015,95016,38990
Locamerica,FIAT,LINEA,2015,95016,38990
Locamerica,FIAT,LINEA,2015,57295,38990
Locamerica,FIAT,LINEA,2015,57295,38990
Locamerica,FIAT,LINEA,2015,95016,38990
Locamerica,FIAT,LINEA,2015,57295,38990
Locamerica,FIAT,LINEA,2015,95016,38990
Locamerica,FIAT,LINEA,2015,90140,38990
Locamerica,FIAT,LINEA,2015,57295,38990
Locamerica,FIAT,LINEA,2015,95016,38990
Locamerica,FIAT,LINEA,2015,60122,38990
Locamerica,FIAT,LINEA,2015,60920,38990
Locamerica,FIAT,LINEA,2015,57295,38990
Locamerica,FIAT,LINEA,2015,95016,38990
Locamerica,FIAT,LINEA,2015,57295,38990
Locamerica,FIAT,LINEA,2015,95016,38990
Locamerica,FIAT,LINEA,2015,60920,38990
Locamerica,FIAT,LINEA,2015,57295,38990
Locamerica,FIAT,LINEA,2015,57295,38990
Locamerica,FIAT,LINEA,2015,95016,38990
Locamerica,FIAT,LINEA,2015,57295,38990
Locamerica,FIAT,LINEA,2015,95016,38990
Locamerica,FIAT,LINEA,2015,95016,38990
Locamerica,FIAT,LINEA,2015,57295,38990
Locamerica,FIAT,LINEA,2015,57295,38990
Locamerica,FIAT,LINEA,2015,57295,38990
Locamerica,FIAT,LINEA,2015,95016,38990
Locamerica,FIAT,LINEA,2015,95016,38990
Locamerica,FIAT,LINEA,2015,95016,38990
Locamerica,FIAT,LINEA,2015,77102,38990
Locamerica,FIAT,LINEA,2015,57295,38990
Locamerica,FIAT,LINEA,2015,57295,38990
Locamerica,FIAT,LINEA,2015,57295,38990
Locamerica,FIAT,LINEA,2015,95016,38990
Locamerica,FIAT,LINEA,2015,57295,38990
Locamerica,FIAT,LINEA,2015,95016,38990
Locamerica,FIAT,LINEA,2015,57295,38990
Locamerica,FIAT,LINEA,2015,57295,38990
Locamerica,FIAT,LINEA,2015,95016,38990
Locamerica,FIAT,LINEA,2015,10383,38990
Locamerica,FIAT,LINEA,2015,94464,38990
Locamerica,FIAT,LINEA,2015,72046,38990
Locamerica,FIAT,LINEA,2015,94464,38990
Locamerica,FIAT,LINEA,2015,90140,38990
Locamerica,FIAT,LINEA,2015,94464,38990
Locamerica,FIAT,LINEA,2015,90140,38990
Locamerica,FIAT,LINEA,2015,94464,38990
Locamerica,FIAT,LINEA,2015,90140,38990
Locamerica,FIAT,LINEA,2015,90140,38990
Locamerica,FIAT,LINEA,2015,94464,38990
Locamerica,FIAT,LINEA,2015,90140,38990
Locamerica,FIAT,LINEA,2015,94464,38990
Locamerica,FIAT,LINEA,2015,90140,38990
Locamerica,FIAT,LINEA,2015,94464,38990
Locamerica,FIAT,LINEA,2015,90140,38990
Locamerica,FIAT,LINEA,2015,94464,38990
Locamerica,FIAT,LINEA,2015,90140,38990
Locamerica,FIAT,LINEA,2015,94464,38990
Locamerica,FIAT,LINEA,2015,90140,38990
Locamerica,FIAT,LINEA,2015,94464,38990
Locamerica,FIAT,LINEA,2015,90140,38990
Locamerica,FIAT,LINEA,2015,94464,38990
Locamerica,FIAT,LINEA,2015,94464,38990
Locamerica,FIAT,LINEA,2015,90140,38990
Locamerica,FIAT,LINEA,2015,94464,38990
Locamerica,FIAT,LINEA,2015,90140,38990
Locamerica,FIAT,LINEA,2015,94464,38990
Locamerica,FIAT,LINEA,2015,90140,38990
Locamerica,FIAT,LINEA,2015,94464,38990
Locamerica,FIAT,LINEA,2015,90140,38990
Locamerica,FIAT,LINEA,2015,94464,38990
Locamerica,FIAT,LINEA,2015,90140,38990
Locamerica,FIAT,LINEA,2015,94464,38990
Locamerica,FIAT,LINEA,2015,90140,38990
Locamerica,FIAT,LINEA,2015,94464,38990
Locamerica,FIAT,LINEA,2015,90140,38990
Locamerica,FIAT,LINEA,2015,94464,38990
Locamerica,FIAT,LINEA,2015,90140,38990
Locamerica,FIAT,LINEA,2015,94464,38990
Locamerica,FIAT,LINEA,2015,90140,38990
Locamerica,FIAT,LINEA,2015,94464,38990
Locamerica,FIAT,LINEA,2015,90140,38990
Locamerica,FIAT,LINEA,2015,94464,38990
Locamerica,FIAT,LINEA,2015,90140,38990
Locamerica,FIAT,LINEA,2015,94464,38990
Locamerica,FIAT,LINEA,2015,90140,38990
Locamerica,FIAT,LINEA,2015,94464,38990
Locamerica,FIAT,LINEA,2015,90140,38990
Locamerica,FIAT,LINEA,2015,61620,38990
Locamerica,FIAT,LINEA,2015,61620,38990
Locamerica,FIAT,LINEA,2015,74498,38990
Locamerica,PEUGEOT,208,2017,48968,38990
Locamerica,FIAT,STRADA,2017,55333,38990
Locamerica,FIAT,LINEA,2015,65789,38990
Locamerica,FIAT,LINEA,2015,108459,38990
Locamerica,FIAT,PALIO,2016,82290,39490
Locamerica,FIAT,PALIO,2016,73529,39490
Locamerica,FIAT,PALIO,2016,84867,39490
Locamerica,FIAT,PALIO,2016,85005,39490
Locamerica,FIAT,PALIO,2016,80102,39490
Locamerica,FIAT,PALIO,2016,80102,39490
Locamerica,VOLKSWAGEN,VOYAGE,2017,69759,39490
Locamerica,FIAT,PALIO,2016,80102,39490
Locamerica,FIAT,PALIO,2016,85005,39490
Locamerica,FIAT,PALIO,2016,85005,39490
Locamerica,FIAT,PALIO,2016,85005,39490
Locamerica,FIAT,PALIO,2016,85005,39490
Locamerica,FIAT,PALIO,2016,85005,39490
Locamerica,FIAT,PALIO,2016,85005,39490
Locamerica,FIAT,PALIO,2016,85005,39490
Locamerica,FIAT,PALIO,2016,85005,39490
Locamerica,FIAT,PALIO,2016,85005,39490
Locamerica,FIAT,PALIO,2016,85005,39490
Locamerica,FIAT,PALIO,2016,84867,39490
Locamerica,FIAT,PALIO,2016,84867,39490
Locamerica,FIAT,PALIO,2016,84867,39490
Locamerica,FIAT,PALIO,2016,80102,39490
Locamerica,FIAT,PALIO,2016,85005,39490
Locamerica,FIAT,PALIO,2016,85005,39490
Locamerica,FIAT,PALIO,2016,85005,39490
Locamerica,FIAT,PALIO,2016,85005,39490
Locamerica,VOLKSWAGEN,VOYAGE,2017,69759,39490
Locamerica,FIAT,PALIO,2016,85005,39490
Locamerica,FIAT,PALIO,2016,85005,39490
Locamerica,FIAT,PALIO,2016,80102,39490
Locamerica,FIAT,PALIO,2016,85005,39490
Locamerica,FIAT,PALIO,2016,80102,39490
Locamerica,FIAT,PALIO,2016,85005,39490
Locamerica,FIAT,PALIO,2016,67594,39490
Locamerica,FIAT,PALIO,2016,80102,39490
Locamerica,VOLKSWAGEN,VOYAGE,2017,88695,39490
Locamerica,RENAULT,LOGAN,2018,49145,39490
Locamerica,RENAULT,LOGAN,2018,57823,39490
Locamerica,CHEVROLET,PRISMA,2017,36545,39490
Locamerica,FORD,KA,2017,36020,39490
Locamerica,FORD,KA,2017,88495,39990
Locamerica,FORD,KA,2017,81317,39990
Locamerica,FORD,KA,2017,1045208,39990
Locamerica,FORD,KA,2017,88495,39990
Locamerica,FORD,KA,2017,88495,39990
Locamerica,FORD,KA,2017,88495,39990
Locamerica,FORD,KA,2017,0,39990
Locamerica,FORD,KA,2017,88495,39990
Locamerica,FORD,KA,2017,81405,39990
Locamerica,FORD,KA,2017,90351,39990
Locamerica,FORD,KA,2017,1042018,39990
Locamerica,FORD,KA,2017,86290,39990
Locamerica,FORD,KA,2017,75273,39990
Locamerica,FORD,KA,2017,80474,39990
Locamerica,FORD,KA,2017,86290,39990
Locamerica,FORD,KA,2017,75273,39990
Locamerica,FORD,KA,2017,80474,39990
Locamerica,FORD,KA,2017,86290,39990
Locamerica,FORD,KA,2017,75273,39990
Locamerica,FORD,KA,2017,90351,39990
Locamerica,FORD,KA,2017,80474,39990
Locamerica,FORD,KA,2017,104208,39990
Locamerica,FORD,KA,2017,88495,39990
Locamerica,FORD,KA,2017,104208,39990
Locamerica,FORD,KA,2017,88495,39990
Locamerica,FORD,KA,2017,104208,39990
Locamerica,FORD,KA,2017,104208,39990
Locamerica,FORD,KA,2017,88495,39990
Locamerica,FORD,KA,2017,104208,39990
Locamerica,FORD,KA,2017,104208,39990
Locamerica,FORD,KA,2017,104208,39990
Locamerica,FORD,KA,2017,104208,39990
Locamerica,FORD,KA,2017,104208,39990
Locamerica,FORD,KA,2017,104208,39990
Locamerica,FORD,KA,2017,104208,39990
Locamerica,FORD,KA,2017,104208,39990
Locamerica,FORD,KA,2017,104208,39990
Locamerica,FORD,KA,2017,104208,39990
Locamerica,FORD,KA,2017,104208,39990
Locamerica,FORD,KA,2017,90351,39990
Locamerica,CHEVROLET,COBALT,2015,40125,39990
Locamerica,FORD,KA,2017,72808,39990
Locamerica,FIAT,STRADA,2017,29015,39990
Locamerica,VOLKSWAGEN,VOYAGE,2017,37010,39990
Locamerica,CHEVROLET,COBALT,2015,37928,39990
Locamerica,FIAT,STRADA,2016,64555,40490
Locamerica,FIAT,STRADA,2016,64555,40490
Locamerica,FIAT,STRADA,2016,64555,40490
Locamerica,FIAT,STRADA,2016,64555,40490
Locamerica,FIAT,STRADA,2016,64555,40490
Locamerica,FIAT,STRADA,2016,64555,40490
Locamerica,FIAT,STRADA,2016,64555,40490
Locamerica,FIAT,STRADA,2016,88102,40490
Locamerica,FIAT,STRADA,2016,87876,40490
Locamerica,FIAT,STRADA,2016,79443,40490
Locamerica,RENAULT,LOGAN,2017,50334,40490
Locamerica,VOLKSWAGEN,SAVEIRO,2018,56538,40490
Locamerica,FIAT,PUNTO,2016,67531,40990
Locamerica,NISSAN,MARCH,2017,22929,40990
Locamerica,NISSAN,MARCH,2017,22929,40990
Locamerica,FIAT,PUNTO,2015,66806,40990
Locamerica,NISSAN,MARCH,2017,14941,40990
Locamerica,NISSAN,MARCH,2017,14941,40990
Locamerica,FIAT,PUNTO,2016,65058,40990
Locamerica,NISSAN,MARCH,2017,14941,40990
Locamerica,NISSAN,MARCH,2017,22929,40990
Locamerica,NISSAN,MARCH,2017,22929,40990
Locamerica,NISSAN,MARCH,2017,22929,40990
Locamerica,NISSAN,MARCH,2017,14941,40990
Locamerica,FIAT,STRADA,2016,56215,40990
Locamerica,NISSAN,MARCH,2017,22929,40990
Locamerica,NISSAN,MARCH,2017,22929,40990
Locamerica,FIAT,PUNTO,2016,71115,40990
Locamerica,NISSAN,MARCH,2017,14941,40990
Locamerica,NISSAN,MARCH,2017,10209,40990
Locamerica,FIAT,PUNTO,2016,66675,40990
Locamerica,NISSAN,MARCH,2017,14941,40990
Locamerica,NISSAN,MARCH,2017,14941,40990
Locamerica,NISSAN,MARCH,2017,22929,40990
Locamerica,NISSAN,MARCH,2017,14941,40990
Locamerica,NISSAN,MARCH,2017,14941,40990
Locamerica,NISSAN,MARCH,2017,14941,40990
Locamerica,FIAT,PUNTO,2016,65058,40990
Locamerica,NISSAN,MARCH,2017,14941,40990
Locamerica,NISSAN,MARCH,2017,22929,40990
Locamerica,NISSAN,MARCH,2017,22929,40990
Locamerica,NISSAN,MARCH,2017,14941,40990
Locamerica,NISSAN,MARCH,2017,22929,40990
Locamerica,NISSAN,MARCH,2017,22929,40990
Locamerica,NISSAN,MARCH,2017,14941,40990
Locamerica,NISSAN,MARCH,2017,22929,40990
Locamerica,NISSAN,MARCH,2017,22929,40990
Locamerica,NISSAN,MARCH,2017,24454,40990
Locamerica,NISSAN,MARCH,2017,24454,40990
Locamerica,NISSAN,MARCH,2017,14941,40990
Locamerica,NISSAN,MARCH,2017,24454,40990
Locamerica,FIAT,PUNTO,2015,66806,40990
Locamerica,NISSAN,MARCH,2017,22945,40990
Locamerica,RENAULT,LOGAN,2017,12419,40990
Locamerica,CHEVROLET,PRISMA,2018,24901,40990
Locamerica,TOYOTA,ETIOS,2018,46586,40990
Locamerica,NISSAN,MARCH,2017,29857,40990
Locamerica,RENAULT,LOGAN,2017,34760,40990
Locamerica,NISSAN,MARCH,2017,28865,40990
Locamerica,RENAULT,LOGAN,2017,32400,40990
Locamerica,RENAULT,LOGAN,2017,31836,40990
Locamerica,VOLKSWAGEN,SAVEIRO,2018,42679,40990
Locamerica,RENAULT,LOGAN,2017,29290,40990
Locamerica,RENAULT,LOGAN,2017,31323,40990
Locamerica,VOLKSWAGEN,FOX,2017,47658,41490
Locamerica,FIAT,PUNTO,2016,48372,41490
Locamerica,FIAT,PUNTO,2016,48372,41490
Locamerica,FIAT,PUNTO,2016,48372,41490
Locamerica,FIAT,PUNTO,2016,48372,41490
Locamerica,FIAT,PUNTO,2016,48372,41490
Locamerica,FIAT,PUNTO,2016,48372,41490
Locamerica,FIAT,PUNTO,2016,48778,41490
Locamerica,FIAT,PUNTO,2016,62293,41490
Locamerica,TOYOTA,ETIOS,2018,39894,41490
Locamerica,TOYOTA,ETIOS,2018,33656,41490
Locamerica,FIAT,PUNTO,2016,48373,41490
Locamerica,FORD,KA+,2017,49866,41990
Locamerica,FORD,KA+,2017,36561,41990
Locamerica,FORD,KA+,2017,19315,41990
Locamerica,PEUGEOT,408,2015,44081,41990
Locamerica,FORD,KA+,2017,95998,41990
Locamerica,PEUGEOT,408,2015,44081,41990
Locamerica,PEUGEOT,408,2015,44081,41990
Locamerica,PEUGEOT,408,2015,44081,41990
Locamerica,PEUGEOT,408,2015,44081,41990
Locamerica,PEUGEOT,408,2015,44081,41990
Locamerica,PEUGEOT,408,2015,44081,41990
Locamerica,PEUGEOT,408,2015,44081,41990
Locamerica,PEUGEOT,408,2015,44081,41990
Locamerica,PEUGEOT,408,2015,44081,41990
Locamerica,PEUGEOT,408,2015,44081,41990
Locamerica,PEUGEOT,408,2015,44081,41990
Locamerica,PEUGEOT,408,2015,44081,41990
Locamerica,PEUGEOT,408,2015,44081,41990
Locamerica,PEUGEOT,408,2015,44081,41990
Locamerica,PEUGEOT,408,2015,44081,41990
Locamerica,PEUGEOT,408,2015,44081,41990
Locamerica,PEUGEOT,408,2015,44081,41990
Locamerica,PEUGEOT,408,2015,44081,41990
Locamerica,PEUGEOT,408,2015,44081,41990
Locamerica,PEUGEOT,408,2015,44081,41990
Locamerica,PEUGEOT,408,2015,44081,41990
Locamerica,PEUGEOT,408,2015,44081,41990
Locamerica,PEUGEOT,408,2015,44081,41990
Locamerica,PEUGEOT,408,2015,44081,41990
Locamerica,PEUGEOT,408,2015,76383,41990
Locamerica,FORD,KA+,2017,33626,41990
Locamerica,PEUGEOT,408,2015,33271,41990
Locamerica,FORD,KA+,2017,73492,41990
Locamerica,FORD,KA+,2017,40220,41990
Locamerica,PEUGEOT,408,2015,62929,41990
Locamerica,FIAT,GRANDSIENA,2016,92737,42490
Locamerica,FIAT,GRANDSIENA,2016,72762,42490
Locamerica,FIAT,GRANDSIENA,2016,72762,42490
Locamerica,FIAT,GRANDSIENA,2016,76188,42490
Locamerica,FIAT,GRANDSIENA,2016,72762,42490
Locamerica,FIAT,GRANDSIENA,2016,72762,42490
Locamerica,FIAT,GRANDSIENA,2016,43813,42490
Locamerica,FIAT,GRANDSIENA,2016,72762,42490
Locamerica,FIAT,GRANDSIENA,2016,43813,42490
Locamerica,FIAT,GRANDSIENA,2016,72214,42490
Locamerica,FIAT,GRANDSIENA,2016,72762,42490
Locamerica,FIAT,GRANDSIENA,2016,43813,42490
Locamerica,FIAT,GRANDSIENA,2016,72762,42490
Locamerica,FIAT,GRANDSIENA,2016,72762,42490
Locamerica,FIAT,GRANDSIENA,2016,43813,42490
Locamerica,FIAT,GRANDSIENA,2016,72762,42490
Locamerica,VOLKSWAGEN,VOYAGE,2016,41839,42990
Locamerica,VOLKSWAGEN,VOYAGE,2016,41839,42990
Locamerica,VOLKSWAGEN,VOYAGE,2016,41839,42990
Locamerica,VOLKSWAGEN,VOYAGE,2016,41839,42990
Locamerica,FIAT,GRANDSIENA,2016,46752,42990
Locamerica,VOLKSWAGEN,VOYAGE,2016,41839,42990
Locamerica,VOLKSWAGEN,VOYAGE,2016,48315,42990
Locamerica,FIAT,GRANDSIENA,2016,46752,42990
Locamerica,VOLKSWAGEN,VOYAGE,2016,48414,42990
Locamerica,VOLKSWAGEN,VOYAGE,2016,41839,42990
Locamerica,VOLKSWAGEN,VOYAGE,2016,41839,42990
Locamerica,VOLKSWAGEN,VOYAGE,2016,41839,42990
Locamerica,VOLKSWAGEN,VOYAGE,2018,13432,42990
Locamerica,RENAULT,LOGAN,2017,39720,42990
Locamerica,RENAULT,LOGAN,2017,21240,42990
Locamerica,FIAT,LINEA,2016,83294,43490
Locamerica,FIAT,LINEA,2016,83342,43490
Locamerica,FIAT,LINEA,2016,0,43490
Locamerica,FIAT,LINEA,2016,83294,43490
Locamerica,FIAT,LINEA,2016,83342,43490
Locamerica,FIAT,LINEA,2016,83366,43490
Locamerica,FIAT,LINEA,2016,83366,43490
Locamerica,FIAT,LINEA,2016,83342,43490
Locamerica,FIAT,LINEA,2016,0,43490
Locamerica,FIAT,LINEA,2016,83294,43490
Locamerica,FORD,KA,2018,42565,43490
Locamerica,FORD,KA,2018,52062,43490
Locamerica,RENAULT,SANDERO,2018,25080,43990
Locamerica,RENAULT,SANDERO,2018,24102,43990
Locamerica,RENAULT,SANDERO,2018,25080,43990
Locamerica,RENAULT,SANDERO,2018,25080,43990
Locamerica,RENAULT,SANDERO,2018,25080,43990
Locamerica,RENAULT,SANDERO,2018,25080,43990
Locamerica,RENAULT,SANDERO,2018,25080,43990
Locamerica,RENAULT,SANDERO,2018,25080,43990
Locamerica,RENAULT,SANDERO,2018,25080,43990
Locamerica,RENAULT,SANDERO,2018,25080,43990
Locamerica,RENAULT,SANDERO,2018,25080,43990
Locamerica,FORD,KA,2018,25949,43990
Locamerica,FIAT,LINEA,2016,54885,43990
Locamerica,FIAT,LINEA,2016,94404,44490
Locamerica,FIAT,LINEA,2016,94446,44490
Locamerica,FIAT,STRADA,2017,75816,44490
Locamerica,FIAT,DOBLO,2015,69349,44490
Locamerica,FIAT,LINEA,2016,83430,44490
Locamerica,FIAT,PUNTO,2017,70399,44990
Locamerica,FIAT,PUNTO,2016,70399,44990
Locamerica,FIAT,STRADA,2018,26837,44990
Locamerica,RENAULT,SANDERO,2017,16490,44990
Locamerica,FIAT,PUNTO,2016,70399,44990
Locamerica,FIAT,PUNTO,2016,70399,44990
Locamerica,FIAT,PUNTO,2016,70399,44990
Locamerica,FIAT,PUNTO,2016,70399,44990
Locamerica,FIAT,PUNTO,2016,70399,44990
Locamerica,FIAT,PUNTO,2016,70399,44990
Locamerica,FIAT,STRADA,2018,26930,44990
Locamerica,FIAT,LINEA,2016,47785,44990
Locamerica,RENAULT,SANDERO,2017,29303,44990
Locamerica,RENAULT,SANDERO,2017,30503,44990
Locamerica,FORD,KA+,2018,32821,45490
Locamerica,FORD,KA+,2018,32821,45490
Locamerica,FORD,KA+,2018,32821,45490
Locamerica,FORD,KA+,2018,32821,45490
Locamerica,FORD,KA+,2018,32821,45490
Locamerica,FORD,KA+,2018,32821,45490
Locamerica,FORD,KA+,2018,45483,45490
Locamerica,FIAT,DOBLO,2015,43779,45990
Locamerica,CHEVROLET,COBALT,2017,89104,45990
Locamerica,HYUNDAI,HB20,2017,37854,45990
Locamerica,FORD,KA+,2018,26169,45990
Locamerica,HYUNDAI,HB20,2017,37176,45990
Locamerica,FORD,FOCUS,2015,61551,46990
Locamerica,FORD,FOCUS,2015,76060,46990
Locamerica,FORD,FOCUS,2015,61551,46990
Locamerica,RENAULT,LOGAN,2018,36062,46990
Locamerica,RENAULT,LOGAN,2018,37899,46990
Locamerica,HONDA,CITY,2015,51275,48490
Locamerica,CHEVROLET,PRISMA,2016,47289,48490
Locamerica,CHEVROLET,PRISMA,2016,47289,48490
Locamerica,VOLKSWAGEN,VOYAGE,2016,68475,48990
Locamerica,VOLKSWAGEN,VOYAGE,2016,68475,48990
Locamerica,VOLKSWAGEN,VOYAGE,2016,68470,48990
Locamerica,VOLKSWAGEN,VOYAGE,2016,68475,48990
Locamerica,CHEVROLET,PRISMA,2017,41136,48990
Locamerica,HYUNDAI,HB20,2017,40485,49490
Locamerica,HYUNDAI,HB20S,2017,43268,49490
Locamerica,HYUNDAI,HB20S,2017,37776,49990
Locamerica,HYUNDAI,HB20S,2017,39375,49990
Locamerica,FIAT,GRANDSIENA,2017,16596,50990
Locamerica,CHEVROLET,SPIN,2017,50375,51490
Locamerica,VOLKSWAGEN,JETTA,2014,116213,51990
Locamerica,FIAT,DOBLO,2017,61638,51990
Locamerica,RENAULT,DUSTER,2016,59793,52990
Locamerica,FIAT,DOBLO,2016,28339,52990
Locamerica,RENAULT,DUSTER,2016,48112,52990
Locamerica,FIAT,FIORINO,2017,10756,53990
Locamerica,RENAULT,FLUENCE,2016,57617,54990
Locamerica,RENAULT,FLUENCE,2016,55550,54990
Locamerica,RENAULT,FLUENCE,2016,35636,54990
Locamerica,RENAULT,FLUENCE,2016,35678,54990
Locamerica,RENAULT,FLUENCE,2016,35636,54990
Locamerica,RENAULT,FLUENCE,2016,97711,54990
Locamerica,RENAULT,FLUENCE,2016,97711,54990
Locamerica,RENAULT,FLUENCE,2016,23289,54990
Locamerica,RENAULT,FLUENCE,2016,35678,54990
Locamerica,RENAULT,FLUENCE,2016,35678,54990
Locamerica,RENAULT,FLUENCE,2016,23289,54990
Locamerica,RENAULT,FLUENCE,2016,23289,54990
Locamerica,RENAULT,FLUENCE,2016,35678,54990
Locamerica,RENAULT,FLUENCE,2016,35678,54990
Locamerica,RENAULT,FLUENCE,2016,35678,54990
Locamerica,RENAULT,FLUENCE,2016,57617,54990
Locamerica,RENAULT,FLUENCE,2016,55712,54990
Locamerica,CHEVROLET,COBALT,2017,50060,54990
Locamerica,RENAULT,FLUENCE,2016,57617,54990
Locamerica,RENAULT,FLUENCE,2016,97711,54990
Locamerica,RENAULT,FLUENCE,2016,35427,54990
Locamerica,RENAULT,FLUENCE,2016,57617,54990
Locamerica,RENAULT,FLUENCE,2016,97711,54990
Locamerica,RENAULT,FLUENCE,2016,35636,54990
Locamerica,RENAULT,FLUENCE,2016,57617,54990
Locamerica,RENAULT,FLUENCE,2016,97711,54990
Locamerica,RENAULT,FLUENCE,2016,97711,54990
Locamerica,RENAULT,FLUENCE,2016,35678,54990
Locamerica,RENAULT,FLUENCE,2016,23289,54990
Locamerica,RENAULT,FLUENCE,2016,35678,54990
Locamerica,RENAULT,FLUENCE,2016,35678,54990
Locamerica,RENAULT,FLUENCE,2016,23289,54990
Locamerica,RENAULT,FLUENCE,2016,17238,54990
Locamerica,RENAULT,FLUENCE,2016,35361,54990
Locamerica,RENAULT,FLUENCE,2016,55550,54990
Locamerica,RENAULT,FLUENCE,2016,97711,54990
Locamerica,RENAULT,FLUENCE,2016,35636,54990
Locamerica,RENAULT,FLUENCE,2016,35678,54990
Locamerica,RENAULT,FLUENCE,2016,55550,54990
Locamerica,RENAULT,FLUENCE,2016,35678,54990
Locamerica,RENAULT,FLUENCE,2016,35678,54990
Locamerica,RENAULT,FLUENCE,2016,35678,54990
Locamerica,RENAULT,FLUENCE,2016,55550,54990
Locamerica,RENAULT,FLUENCE,2016,35678,54990
Locamerica,RENAULT,FLUENCE,2016,35678,54990
Locamerica,RENAULT,FLUENCE,2016,35678,54990
Locamerica,RENAULT,FLUENCE,2016,35678,54990
Locamerica,RENAULT,FLUENCE,2016,35678,54990
Locamerica,RENAULT,FLUENCE,2016,35678,54990
Locamerica,CHEVROLET,COBALT,2017,50082,54990
Locamerica,CHEVROLET,COBALT,2017,50060,54990
Locamerica,RENAULT,FLUENCE,2016,57617,54990
Locamerica,RENAULT,FLUENCE,2016,57617,54990
Locamerica,RENAULT,FLUENCE,2016,35678,54990
Locamerica,CHEVROLET,COBALT,2017,50060,54990
Locamerica,RENAULT,FLUENCE,2016,57617,54990
Locamerica,RENAULT,FLUENCE,2016,35678,54990
Locamerica,RENAULT,FLUENCE,2016,57617,54990
Locamerica,RENAULT,FLUENCE,2016,35678,54990
Locamerica,RENAULT,FLUENCE,2016,35678,54990
Locamerica,CHEVROLET,COBALT,2017,50060,54990
Locamerica,RENAULT,FLUENCE,2016,35678,54990
Locamerica,RENAULT,FLUENCE,2016,35636,54990
Locamerica,HONDA,CITY,2015,95638,55490
Locamerica,CHEVROLET,CRUZE,2015,79340,55990
Locamerica,CHEVROLET,CRUZE,2015,79340,55990
Locamerica,HONDA,CITY,2015,49186,55990
Locamerica,HONDA,CITY,2015,57077,55990
Locamerica,FIAT,FIORINO,2018,48,55990
Locamerica,FIAT,STRADA,2016,70531,56990
Locamerica,FIAT,STRADA,2016,70786,56990
Locamerica,CHEVROLET,COBALT,2017,57946,57990
Locamerica,CHEVROLET,COBALT,2017,57946,57990
Locamerica,CHEVROLET,COBALT,2017,57946,57990
Locamerica,CHEVROLET,COBALT,2017,57946,57990
Locamerica,CHEVROLET,COBALT,2017,57946,57990
Locamerica,CHEVROLET,COBALT,2017,57946,57990
Locamerica,CHEVROLET,COBALT,2017,57946,57990
Locamerica,CHEVROLET,COBALT,2017,57946,57990
Locamerica,CHEVROLET,COBALT,2017,57946,57990
Locamerica,CHEVROLET,COBALT,2017,57946,57990
Locamerica,CHEVROLET,COBALT,2017,57946,57990
Locamerica,CHEVROLET,COBALT,2017,57946,57990
Locamerica,CHEVROLET,COBALT,2017,57946,57990
Locamerica,RENAULT,DUSTER,2016,34475,58490
Locamerica,FORD,FOCUS,2016,83752,58990
Locamerica,FORD,FOCUS,2016,78152,58990
Locamerica,FORD,FOCUS,2016,78176,58990
Locamerica,RENAULT,DUSTER,2016,22400,58990
Locamerica,FORD,FOCUS,2016,86597,58990
Locamerica,FORD,FOCUS,2016,83774,58990
Locamerica,CHEVROLET,SPIN,2017,40334,59490
Locamerica,CHEVROLET,SPIN,2017,42992,59490
Locamerica,RENAULT,DUSTER,2017,22434,59990
Locamerica,CHEVROLET,SPIN,2017,46896,59990
Locamerica,CHEVROLET,SPIN,2017,14394,59990
Locamerica,CHEVROLET,SPIN,2017,22053,59990
Locamerica,CHEVROLET,SPIN,2017,44464,59990
Locamerica,CHEVROLET,SPIN,2017,41221,59990
Locamerica,CHEVROLET,COBALT,2017,21760,60990
Locamerica,CHEVROLET,COBALT,2017,21773,60990
Locamerica,NISSAN,SENTRA,2016,45566,61490
Locamerica,NISSAN,SENTRA,2016,48254,61490
Locamerica,HONDA,CIVIC,2016,46508,61990
Locamerica,HONDA,CIVIC,2016,46508,61990
Locamerica,FORD,FOCUS,2016,65075,62490
Locamerica,FORD,FOCUS,2016,67204,62490
Locamerica,FORD,FOCUS,2016,67353,62490
Locamerica,FORD,FOCUS,2016,67246,62490
Locamerica,FORD,FOCUS,2016,67233,62490
Locamerica,FORD,FOCUS,2016,65192,62490
Locamerica,FORD,FOCUS,2016,67353,62490
Locamerica,FORD,FOCUS,2016,67233,62490
Locamerica,FORD,FOCUS,2016,65101,62490
Locamerica,FORD,FOCUS,2016,67450,62490
Locamerica,FORD,FOCUS,2016,65075,62490
Locamerica,FORD,FOCUS,2016,67246,62490
Locamerica,FORD,FOCUS,2016,44653,62990
Locamerica,FORD,FOCUS,2016,44653,62990
Locamerica,FORD,FOCUS,2016,54068,62990
Locamerica,FORD,FOCUS,2016,49070,62990
Locamerica,FORD,FOCUS,2016,49070,62990
Locamerica,FORD,FOCUS,2015,9457,63990
Locamerica,FORD,FOCUS,2017,28176,67990
Locamerica,FORD,FOCUS,2017,39138,67990
Locamerica,FORD,FOCUS,2017,34161,67990
Locamerica,FORD,FUSION,2015,92964,69990
Locamerica,FORD,FUSION,2015,93025,69990
Locamerica,HONDA,CIVIC,2016,97361,69990
Locamerica,HONDA,CIVIC,2016,54005,70990
Locamerica,RENAULT,DUSTER,2017,26367,70990
Locamerica,VOLKSWAGEN,TIGUAN,2014,58576,74990
Locamerica,VOLKSWAGEN,TIGUAN,2014,59132,74990
Locamerica,VOLKSWAGEN,JETTA,2015,98986,76990
Locamerica,VOLKSWAGEN,JETTA,2015,98986,76990
Locamerica,VOLKSWAGEN,JETTA,2015,0,76990
Locamerica,VOLKSWAGEN,JETTA,2015,99118,76990
Locamerica,VOLKSWAGEN,JETTA,2015,98986,76990
Locamerica,VOLKSWAGEN,JETTA,2015,99118,76990
Locamerica,VOLKSWAGEN,JETTA,2015,99118,76990
Locamerica,VOLKSWAGEN,JETTA,2015,99118,76990
Locamerica,VOLKSWAGEN,JETTA,2015,0,76990
Locamerica,VOLKSWAGEN,JETTA,2015,0,76990
Locamerica,VOLKSWAGEN,JETTA,2015,98986,76990
Locamerica,VOLKSWAGEN,JETTA,2015,0,76990
Locamerica,CHEVROLET,S10,2017,92740,77990
Locamerica,FORD,FOCUS,2017,29515,77990
Locamerica,TOYOTA,COROLLA,2016,79697,77990
Locamerica,NISSAN,FRONTIER,2015,71135,77990
Locamerica,CHEVROLET,S10,2017,36155,78990
Locamerica,NISSAN,KICKS,2017,9943,81990
Locamerica,NISSAN,KICKS,2017,9943,81990
Locamerica,NISSAN,KICKS,2017,45296,82490
Locamerica,FORD,FUSION,2014,86986,82990
Locamerica,FORD,FUSION,2014,87070,82990
Locamerica,FORD,FUSION,2014,87070,82990
Locamerica,FORD,FUSION,2014,86986,82990
Locamerica,MITSUBISHI,ASX,2016,43898,82990
Locamerica,FORD,FUSION,2014,86986,82990
Locamerica,MITSUBISHI,ASX,2016,43908,82990
Locamerica,FORD,FUSION,2014,87070,82990
Locamerica,MITSUBISHI,ASX,2016,43908,82990
Locamerica,MITSUBISHI,ASX,2016,43908,82990
Locamerica,MITSUBISHI,ASX,2016,43908,82990
Locamerica,FORD,FUSION,2014,87070,82990
Locamerica,MITSUBISHI,ASX,2016,43908,82990
Locamerica,MITSUBISHI,ASX,2016,43908,82990
Locamerica,FORD,FUSION,2014,87070,82990
Locamerica,MITSUBISHI,ASX,2016,43908,82990
Locamerica,MITSUBISHI,ASX,2016,43908,82990
Locamerica,MITSUBISHI,ASX,2016,43978,82990
Locamerica,MITSUBISHI,ASX,2016,43978,82990
Locamerica,CHEVROLET,S10,2016,95678,83990
Locamerica,TOYOTA,COROLLA,2017,75541,84490
Locamerica,TOYOTA,COROLLA,2017,75815,84490
Locamerica,NISSAN,FRONTIER,2016,44765,84490
Locamerica,TOYOTA,COROLLA,2017,39516,84990
Locamerica,TOYOTA,COROLLA,2017,39516,84990
Locamerica,TOYOTA,COROLLA,2017,39516,84990
Locamerica,TOYOTA,COROLLA,2017,39516,84990
Locamerica,TOYOTA,COROLLA,2017,39516,84990
Locamerica,TOYOTA,COROLLA,2017,34132,84990
Locamerica,TOYOTA,COROLLA,2017,17464,84990
Locamerica,TOYOTA,COROLLA,2017,25619,84990
Locamerica,TOYOTA,COROLLA,2017,39516,84990
Locamerica,TOYOTA,COROLLA,2017,25619,84990
Locamerica,TOYOTA,COROLLA,2017,39516,84990
Locamerica,TOYOTA,COROLLA,2017,25619,84990
Locamerica,TOYOTA,COROLLA,2017,39516,84990
Locamerica,TOYOTA,COROLLA,2017,25619,84990
Locamerica,TOYOTA,COROLLA,2017,39516,84990
Locamerica,TOYOTA,COROLLA,2017,45746,84990
Locamerica,TOYOTA,COROLLA,2017,39516,84990
Locamerica,TOYOTA,COROLLA,2017,17496,84990
Locamerica,TOYOTA,COROLLA,2017,39516,84990
Locamerica,TOYOTA,COROLLA,2017,39516,84990
Locamerica,TOYOTA,COROLLA,2017,39516,84990
Locamerica,TOYOTA,COROLLA,2017,39516,84990
Locamerica,TOYOTA,COROLLA,2017,39516,84990
Locamerica,TOYOTA,COROLLA,2017,39516,84990
Locamerica,TOYOTA,COROLLA,2017,39516,84990
Locamerica,TOYOTA,COROLLA,2017,80842,84990
Locamerica,TOYOTA,COROLLA,2017,17518,84990
Locamerica,FORD,FUSION,2015,74437,87990
Locamerica,FORD,FUSION,2015,42838,88490
Locamerica,FORD,FUSION,2015,28142,88990
Locamerica,FORD,EDGE,2014,91792,90990
Locamerica,FORD,EDGE,2014,91792,90990
Locamerica,CHEVROLET,S10,2015,144242,90990
Locamerica,FORD,EDGE,2014,91792,90990
Locamerica,FORD,EDGE,2014,91792,90990
Locamerica,FORD,EDGE,2014,91792,90990
Locamerica,FORD,FUSION,2016,37880,91990
Locamerica,FORD,FUSION,2016,37880,91990
Locamerica,HONDA,CIVIC,2017,37886,92990
Locamerica,MITSUBISHI,L200,2018,21100,102990
Locamerica,MITSUBISHI,L200,2018,21100,102990
Locamerica,CHEVROLET,S10,2017,41480,103490
Locamerica,CHEVROLET,S10,2018,23052,103990
Locamerica,CHEVROLET,S10,2018,25555,103990
Locamerica,CHEVROLET,S10,2018,24633,103990
Locamerica,CHEVROLET,S10,2018,26204,103990
Locamerica,CHEVROLET,S10,2018,29,105990
Locamerica,CHEVROLET,S10,2018,29,105990
Locamerica,CHEVROLET,S10,2017,40850,115990
Locamerica,CHEVROLET,S10,2017,40850,115990
Locamerica,CHEVROLET,S10,2017,40850,115990
Locamerica,CHEVROLET,S10,2017,40850,115990
Locamerica,CHEVROLET,S10,2017,40850,115990
Locamerica,CHEVROLET,S10,2017,40850,115990
Locamerica,CHEVROLET,S10,2017,40850,115990
Locamerica,CHEVROLET,S10,2017,40850,115990
Locamerica,CHEVROLET,S10,2017,40850,115990
Locamerica,CHEVROLET,S10,2017,40850,115990
Locamerica,CHEVROLET,S10,2017,40850,115990
Locamerica,CHEVROLET,S10,2017,40850,115990
Locamerica,CHEVROLET,S10,2017,40850,115990
Locamerica,CHEVROLET,S10,2017,40850,115990
Locamerica,CHEVROLET,S10,2017,40850,115990
Locamerica,CHEVROLET,S10,2017,40850,115990
Locamerica,CHEVROLET,S10,2017,40850,115990
Locamerica,CHEVROLET,S10,2017,40850,115990
Locamerica,CHEVROLET,S10,2017,40850,115990
Locamerica,CHEVROLET,S10,2017,40850,115990
Locamerica,CHEVROLET,S10,2017,40850,115990
Locamerica,CHEVROLET,S10,2017,40850,115990
Locamerica,CHEVROLET,S10,2017,40850,115990
Locamerica,CHEVROLET,S10,2017,40850,115990
Locamerica,MITSUBISHI,OUTLANDER,2016,56754,126990
Locamerica,MITSUBISHI,OUTLANDER,2016,56742,126990
Locamerica,MITSUBISHI,OUTLANDER,2016,56754,126990
Locamerica,MITSUBISHI,OUTLANDER,2016,56754,126990
Locamerica,LEXUS,IS250,2014,19749,134990
Locamerica,LEXUS,IS250,2014,19749,134990
Locamerica,LEXUS,IS250,2014,19749,134990
Locamerica,LEXUS,IS250,2014,0,134990
